molecule_chembl_id,canonical_smiles,standard_value,standard_units,pchembl_value
CHEMBL433252,O=S(=O)(Nc1ccccc1)c1ccc2c(c1)CCN2c1cccc(CCCC2CCCC2)n1,450.0,nM,6.35
CHEMBL54750,O=S(=O)(Nc1ccccc1)c1ccc2c(c1)CCN2c1cccc(CCCC2CCCC2)c1,7500.0,nM,5.12
CHEMBL56594,CCCCCCN(C)C(=O)N1CCc2cc(S(=O)(=O)Nc3ccccc3)ccc21,6500.0,nM,5.19
CHEMBL52407,CCCCCCCCc1nc(N2CCc3cc(S(=O)(=O)Nc4ccccc4)ccc32)no1,100.0,nM,7.00
CHEMBL56449,CCCCCCc1ccc(N2CCc3cc(S(=O)(=O)Nc4ccccc4)ccc32)nc1,240.0,nM,6.62
CHEMBL56752,CCCCCCC(=O)N1CCc2cc(S(=O)(=O)Nc3ccccc3)ccc21,2000.0,nM,5.70
CHEMBL54749,CCCCCCCCc1cnc(N2CCc3cc(S(=O)(=O)Nc4ccccc4)ccc32)o1,180.0,nM,6.75
CHEMBL301202,CN(C)C(=O)N1CCc2cc(S(=O)(=O)Nc3ccccc3)ccc21,7000.0,nM,5.16
CHEMBL292407,CCCCCCCCN(C)C(=O)N1CCc2cc(S(=O)(=O)Nc3ccccc3)ccc21,1000.0,nM,6.00
CHEMBL53679,CCCCCCCCc1csc(Nc2ccc(S(=O)(=O)Nc3ccccc3)cc2)n1,340.0,nM,6.47
CHEMBL299719,CCCCCCc1cccc(N2CCc3cc(S(=O)(=O)Nc4ccccc4)ccc32)n1,140.0,nM,6.85
CHEMBL55852,CCCCCCc1ccnc(N2CCc3cc(S(=O)(=O)Nc4ccccc4)ccc32)n1,620.0,nM,6.21
CHEMBL56308,CCCCCCc1cccc(N2CCc3cc(S(=O)(=O)Nc4ccccc4)ccc32)c1,460.0,nM,6.34
CHEMBL57486,CCCCCCNC(=O)Nc1ccc(S(=O)(=O)Nc2ccc(CCNC[C@H](O)c3cccnc3)cc2)cc1,3000.0,nM,5.52
CHEMBL55541,O=S(=O)(Nc1ccccc1)c1ccc2c(c1)CCN2c1nc(CCCC2CCCC2)cs1,900.0,nM,6.05
CHEMBL293818,CCCCCCNC(=O)N(C)c1ccc(S(=O)(=O)Nc2ccc(CCNC[C@H](O)c3cccnc3)cc2)cc1,10000.0,nM,5.00
CHEMBL54885,CNC(=O)N1CCc2cc(S(=O)(=O)Nc3ccccc3)ccc21,7300.0,nM,5.14
CHEMBL54821,CCCCCCCCc1csc(N2CCc3cc(S(=O)(=O)Nc4ccccc4)ccc32)n1,1300.0,nM,5.89
CHEMBL53359,CCCCCCCCc1ccnc(N2CCc3cc(S(=O)(=O)Nc4ccccc4)ccc32)n1,530.0,nM,6.28
CHEMBL291467,CCCCCCCCc1cccc(N2CCc3cc(S(=O)(=O)Nc4ccccc4)ccc32)n1,63.0,nM,7.20
CHEMBL295502,O=S(=O)(Nc1ccccc1)c1ccc2c(c1)CCN2c1noc(CCCC2CCCC2)n1,42.0,nM,7.38
CHEMBL301594,CN(CCc1ccccc1)C(=O)N1CCc2cc(S(=O)(=O)Nc3ccccc3)ccc21,2500.0,nM,5.60
CHEMBL53842,CCCCCCNC(=O)N1CCc2cc(S(=O)(=O)Nc3ccccc3)ccc21,36000.0,nM,4.44
CHEMBL298594,CCCCCCc1csc(N2CCc3cc(S(=O)(=O)Nc4ccccc4)ccc32)n1,510.0,nM,6.29
CHEMBL56767,CCCCCCCCc1csc(N(C)c2ccc(S(=O)(=O)Nc3ccccc3)cc2)n1,440.0,nM,6.36
CHEMBL56768,CCCCCCc1nc(N2CCc3cc(S(=O)(=O)Nc4ccccc4)ccc32)no1,52.0,nM,7.28
CHEMBL433454,Cc1csc(N2CCc3cc(S(=O)(=O)Nc4ccccc4)ccc32)n1,750.0,nM,6.12
CHEMBL296380,CCCCCCCCc1cccc(N2CCc3cc(S(=O)(=O)Nc4ccccc4)ccc32)c1,1500.0,nM,5.82
CHEMBL294008,CCCCCCCCC(=O)N1CCc2cc(S(=O)(=O)Nc3ccccc3)ccc21,1000.0,nM,6.00
CHEMBL57430,CCCCCCCCNC(=O)N1CCc2cc(S(=O)(=O)Nc3ccccc3)ccc21,630.0,nM,6.20
CHEMBL53517,CN(C(=O)N1CCc2cc(S(=O)(=O)Nc3ccccc3)ccc21)C(C)(C)Cc1ccccc1,8000.0,nM,5.10
CHEMBL282618,NCCCCCOC[C@H]1O[C@@H](OCCc2c[nH]c3ccccc23)[C@H](OCc2ccccc2)[C@@H](OCc2ccccc2)[C@@H]1OCc1ccccc1,3000.0,nM,5.52
CHEMBL281200,NCCCCCOC[C@H]1O[C@@H](OCCc2c[nH]c3ccccc23)[C@H](OCc2ccccc2)C[C@@H]1OCc1ccccc1,3000.0,nM,5.52
CHEMBL33438,CCC(=O)CCc1nc(-c2ccc(S(=O)(=O)Nc3ccc(CCNC[C@H](O)c4cccnc4)cc3)cc2)no1,12000.0,nM,4.92
CHEMBL285458,CCCCCCCCc1nc(-c2ccc(S(=O)(=O)Nc3ccc(CCNC[C@H](O)c4cccnc4)cc3)cc2)no1,2500.0,nM,5.60
CHEMBL33168,Cc1nc(-c2ccc(S(=O)(=O)Nc3ccc(CCNC[C@H](O)c4cccnc4)cc3)cc2)no1,10000.0,nM,5.00
CHEMBL33755,O=S(=O)(Nc1ccc(CCNC[C@H](O)c2cccnc2)cc1)c1ccc(-c2noc(CCCC3CCCCC3)n2)cc1,660.0,nM,6.18
CHEMBL284965,CC(C)CCCc1nc(-c2ccc(S(=O)(=O)Nc3ccc(CCNC[C@H](O)c4cccnc4)cc3)cc2)no1,1000.0,nM,6.00
CHEMBL33725,CCCCCc1nc(-c2ccc(S(=O)(=O)Nc3ccc(CCNC[C@H](O)c4cccnc4)cc3)cc2)no1,3000.0,nM,5.52
CHEMBL418411,CC(O)CCCc1nc(-c2ccc(S(=O)(=O)Nc3ccc(CCNC[C@H](O)c4cccnc4)cc3)cc2)no1,44000.0,nM,4.36
CHEMBL32996,O=C(CCc1nc(-c2ccc(S(=O)(=O)Nc3ccc(CCNC[C@H](O)c4cccnc4)cc3)cc2)no1)N1CCCC1,51000.0,nM,4.29
CHEMBL288083,CCCCCCCc1nc(-c2ccc(S(=O)(=O)Nc3ccc(CCNC[C@H](O)c4cccnc4)cc3)cc2)no1,1415.0,nM,5.85
CHEMBL286800,CC(=O)CCCc1nc(-c2ccc(S(=O)(=O)Nc3ccc(CCNC[C@H](O)c4cccnc4)cc3)cc2)no1,57000.0,nM,4.24
CHEMBL433042,O=S(=O)(Nc1ccc(CCNC[C@H](O)c2cccnc2)cc1)c1ccc(-c2noc(CCCC3CCCC3)n2)cc1,962.0,nM,6.02
CHEMBL33013,CCCc1nc(-c2ccc(S(=O)(=O)Nc3ccc(CCNC[C@H](O)c4cccnc4)cc3)cc2)no1,8500.0,nM,5.07
CHEMBL286139,CCCCc1nc(-c2ccc(S(=O)(=O)Nc3ccc(CCNC[C@H](O)c4cccnc4)cc3)cc2)no1,6500.0,nM,5.19
CHEMBL285242,O=S(=O)(Nc1ccc(CCNC[C@H](O)c2cccnc2)cc1)c1ccc(-c2noc(CCOC3CCCC3)n2)cc1,2667.0,nM,5.57
CHEMBL285481,CCCCCCc1nc(-c2ccc(S(=O)(=O)Nc3ccc(CCNC[C@H](O)c4cccnc4)cc3)cc2)no1,1000.0,nM,6.00
CHEMBL34328,CCC(O)CCc1nc(-c2ccc(S(=O)(=O)Nc3ccc(CCNC[C@H](O)c4cccnc4)cc3)cc2)no1,24000.0,nM,4.62
CHEMBL67886,COc1ccc(OC[C@@H](O)CNCCc2ccc(NS(=O)(=O)c3ccc(I)cc3)cc2)cc1,150.0,nM,6.82
CHEMBL63842,Nc1ccc(OC[C@@H](O)CNCCc2ccc(NS(=O)(=O)c3ccc(Br)cc3)cc2)cn1,380.0,nM,6.42
CHEMBL67461,Nc1ccc(OC[C@@H](O)CNCCc2ccc(NS(=O)(=O)c3cnc4ccccc4c3)cc2)cn1,1300.0,nM,5.89
CHEMBL67416,COc1ccc(S(=O)(=O)Nc2ccc(CCNC[C@H](O)COc3ccc(N)nc3)cc2)cc1,620.0,nM,6.21
CHEMBL67534,Nc1ccc(OC[C@@H](O)CNCCc2ccc(NS(=O)(=O)c3ccc(Cl)cc3)cc2)cn1,990.0,nM,6.00
CHEMBL64936,O=S(=O)(Nc1ccc(CCNC[C@H](O)COc2cccnc2)cc1)c1ccc(Cl)cc1,430.0,nM,6.37
CHEMBL64201,Nc1ccc(OC[C@@H](O)CNCCc2ccc(NS(=O)(=O)c3ccc(I)cc3)cc2)cn1,28.0,nM,7.55
CHEMBL67251,O=S(=O)(Nc1ccc(CCNC[C@H](O)COc2cccnc2)cc1)c1ccccc1,750.0,nM,6.12
CHEMBL67993,Nc1ccc(OC[C@@H](O)CNCCc2ccc(NS(=O)(=O)c3ccccc3)cc2)cn1,630.0,nM,6.20
CHEMBL67672,Nc1ccc(OC[C@@H](O)CNCCc2ccc(NS(=O)(=O)c3ccc(F)cc3)cc2)cn1,1000.0,nM,6.00
CHEMBL304878,O=S(=O)(Nc1ccc(CCNC[C@H](O)COc2ccc(F)cc2)cc1)c1ccc(I)cc1,100.0,nM,7.00
CHEMBL64932,O=S(=O)(Nc1ccc(CCNC[C@H](O)COc2cccnc2)cc1)c1ccc(F)cc1,900.0,nM,6.05
CHEMBL292947,CC(C)c1ccc(S(=O)(=O)Nc2ccc(CCNC[C@H](O)COc3cccnc3)cc2)cc1,410.0,nM,6.39
CHEMBL276257,O=S(=O)(Nc1ccc(CCNC[C@H](O)COc2ccc(O)cc2)cc1)c1ccc(I)cc1,120.0,nM,6.92
CHEMBL304090,CCc1ccc(S(=O)(=O)Nc2ccc(CCNC[C@H](O)COc3ccc(N)nc3)cc2)cc1,110.0,nM,6.96
CHEMBL68408,CCCCCCNC(=O)Nc1ccc(S(=O)(=O)Nc2ccc(CCNC[C@H](O)COc3ccc(N)nc3)cc2)cc1,640.0,nM,6.19
CHEMBL64935,O=S(=O)(Nc1ccc(CCNC[C@H](O)COc2cccnc2)cc1)c1ccc(Br)cc1,230.0,nM,6.64
CHEMBL65042,O=S(=O)(Nc1ccc(CCNC[C@H](O)COc2cccnc2)cc1)c1ccc(Cl)c(Cl)c1,360.0,nM,6.44
CHEMBL68021,CCc1ccc(S(=O)(=O)Nc2ccc(CCNC[C@H](O)COc3cccnc3)cc2)cc1,94.0,nM,7.03
CHEMBL442172,O=S(=O)(Nc1ccc(CCNC[C@H](O)COc2ccccc2)cc1)c1ccc(I)cc1,50.0,nM,7.30
CHEMBL68334,O=S(=O)(Nc1ccc(CCNC[C@H](O)COc2cccnc2)cc1)c1cnc2ccccc2c1,490.0,nM,6.31
CHEMBL64760,CC(C)c1ccc(S(=O)(=O)Nc2ccc(CCNC[C@H](O)COc3ccc(N)nc3)cc2)cc1,540.0,nM,6.27
CHEMBL67015,CCCCCCNC(=O)Nc1ccc(S(=O)(=O)Nc2ccc(CCNC[C@H](O)COc3cccnc3)cc2)cc1,430.0,nM,6.37
CHEMBL66964,COc1ccc(S(=O)(=O)Nc2ccc(CCNC[C@H](O)COc3cccnc3)cc2)cc1,520.0,nM,6.28
CHEMBL66859,Nc1ccc(OC[C@@H](O)CNCCc2ccc(NS(=O)(=O)c3ccc(Cl)c(Cl)c3)cc2)cn1,380.0,nM,6.42
CHEMBL294042,O=S(=O)(Nc1ccc(CCNC[C@H](O)COc2cccnc2)cc1)c1ccc(I)cc1,110.0,nM,6.96
CHEMBL285713,CCCCCCc1ncc(-c2ccc(S(=O)(=O)Nc3ccc(CCNC[C@H](O)c4cccnc4)cc3)cc2)o1,1200.0,nM,5.92
CHEMBL39269,O=S(=O)(Nc1ccc(CCNC[C@H](O)c2cccnc2)cc1)c1ccc(-c2cnc(-c3ccccc3)o2)cc1,3500.0,nM,5.46
CHEMBL290053,O=S(=O)(Nc1ccc(CCNC[C@H](O)c2cccnc2)cc1)c1ccc(-c2coc(-c3ccc(C(F)(F)F)cc3)n2)cc1,1400.0,nM,5.85
CHEMBL38254,O=S(=O)(Nc1ccc(CCNC[C@H](O)c2cccnc2)cc1)c1ccc(-c2cnc(CCC3CCCC3)o2)cc1,1800.0,nM,5.75
CHEMBL38704,O=S(=O)(Nc1ccc(CCNC[C@H](O)c2cccnc2)cc1)c1ccc(-c2cnc(-c3ccc(F)c(F)c3)o2)cc1,3000.0,nM,5.52
CHEMBL40898,O=S(=O)(Nc1ccc(CCNC[C@H](O)c2cccnc2)cc1)c1ccc(-c2coc(-c3ccc(F)c(F)c3)n2)cc1,2200.0,nM,5.66
CHEMBL287947,O=S(=O)(Nc1ccc(CCNC[C@H](O)c2cccnc2)cc1)c1ccc(-c2cnc(CCCC3CCCC3)o2)cc1,320.0,nM,6.50
CHEMBL37512,Cc1nc(-c2ccc(S(=O)(=O)Nc3ccc(CCNC[C@H](O)c4cccnc4)cc3)cc2)co1,30000.0,nM,4.52
CHEMBL287880,O=S(=O)(Nc1ccc(CCNC[C@H](O)c2cccnc2)cc1)c1ccc(-c2cnc(Cc3ccc(F)c(F)c3)o2)cc1,4700.0,nM,5.33
CHEMBL288418,Cc1ncc(-c2ccc(S(=O)(=O)Nc3ccc(CCNC[C@H](O)c4cccnc4)cc3)cc2)o1,3000.0,nM,5.52
CHEMBL38562,O=S(=O)(Nc1ccc(CCNC[C@H](O)c2cccnc2)cc1)c1ccc(-c2cnc(-c3ccc(F)cc3)o2)cc1,21000.0,nM,4.68
CHEMBL289689,O=S(=O)(Nc1ccc(CCNC[C@H](O)c2cccnc2)cc1)c1ccc(-c2coc(Cc3ccc(F)c(F)c3)n2)cc1,630.0,nM,6.20
CHEMBL37335,O=S(=O)(Nc1ccc(CCNC[C@H](O)c2cccnc2)cc1)c1ccc(-c2coc(COc3ccc(F)cc3)n2)cc1,9000.0,nM,5.05
CHEMBL290131,CCCCCCCCc1ncc(-c2ccc(S(=O)(=O)Nc3ccc(CCNC[C@H](O)c4cccnc4)cc3)cc2)o1,270.0,nM,6.57
CHEMBL288917,O=S(=O)(Nc1ccc(CCNC[C@H](O)c2cccnc2)cc1)c1ccc(-c2coc(CCC3CCCC3)n2)cc1,3700.0,nM,5.43
CHEMBL36101,O=S(=O)(Nc1ccc(CCNC[C@H](O)c2cccnc2)cc1)c1ccc(-c2cnc(CC3CCCC3)o2)cc1,2500.0,nM,5.60
CHEMBL38861,O=S(=O)(Nc1ccc(CCNC[C@H](O)c2cccnc2)cc1)c1ccc(-c2coc(COc3ccc(C(F)(F)F)cc3)n2)cc1,20000.0,nM,4.70
CHEMBL39577,CCCCCc1ncc(-c2ccc(S(=O)(=O)Nc3ccc(CCNC[C@H](O)c4cccnc4)cc3)cc2)o1,4000.0,nM,5.40
CHEMBL39804,CC(C)(C)CCCc1ncc(-c2ccc(S(=O)(=O)Nc3ccc(CCNC[C@H](O)c4cccnc4)cc3)cc2)o1,1000.0,nM,6.00
CHEMBL285520,O=S(=O)(Nc1ccc(CCNC[C@H](O)c2cccnc2)cc1)c1ccc(-c2coc(Cc3ccc(C(F)(F)F)cc3)n2)cc1,310.0,nM,6.51
CHEMBL36609,O=S(=O)(Nc1ccc(CCNC[C@H](O)c2cccnc2)cc1)c1ccc(-c2coc(COc3ccc(F)c(F)c3)n2)cc1,3500.0,nM,5.46
CHEMBL289316,O=S(=O)(Nc1ccc(CCNC[C@H](O)c2cccnc2)cc1)c1ccc(-c2cnc(Cc3cc(F)c(F)c(F)c3)o2)cc1,940.0,nM,6.03
CHEMBL418234,O=S(=O)(Nc1ccc(CCNC[C@H](O)c2cccnc2)cc1)c1ccc(-c2coc(Cc3ccc(F)cc3)n2)cc1,3300.0,nM,5.48
CHEMBL318802,O=S(=O)(Nc1ccc(CCNC[C@H](O)c2cccnc2)cc1)c1ccc2ccccc2c1,1000.0,nM,6.00
CHEMBL57486,CCCCCCNC(=O)Nc1ccc(S(=O)(=O)Nc2ccc(CCNC[C@H](O)c3cccnc3)cc2)cc1,3000.0,nM,5.52
CHEMBL104076,O=C(Nc1ccc(S(=O)(=O)Nc2ccc(CCNC[C@H](O)c3cccnc3)cc2)cc1)OCCc1ccccc1,820.0,nM,6.09
CHEMBL104222,CCCOC(=O)Nc1ccc(S(=O)(=O)Nc2ccc(CCNC[C@H](O)c3cccnc3)cc2)cc1,10000.0,nM,5.00
CHEMBL106487,CCCCC(=O)Nc1ccc(S(=O)(=O)Nc2ccc(CCNC[C@H](O)c3cccnc3)cc2)cc1,9000.0,nM,5.05
CHEMBL12998,CCCCCCNC(=O)Nc1ccc(S(=O)(=O)Nc2ccc(CCNC[C@H](O)COc3ccc(O)cc3)cc2)cc1,3000.0,nM,5.52
CHEMBL320228,O=S(=O)(Nc1ccc(CCNC[C@H](O)c2cccnc2)cc1)c1ccc(Cl)cc1,10000.0,nM,5.00
CHEMBL106746,CNC(=O)Nc1ccc(S(=O)(=O)Nc2ccc(CCNC[C@H](O)c3cccnc3)cc2)cc1,8000.0,nM,5.10
CHEMBL323113,CCCCCCCCNC(=O)Nc1ccc(S(=O)(=O)Nc2ccc(CCNC[C@H](O)c3cccnc3)cc2)cc1,410.0,nM,6.39
CHEMBL104377,CC(C)S(=O)(=O)Nc1ccc(CCNC[C@H](O)c2cccnc2)cc1,50000.0,nM,4.30
CHEMBL284782,C[C@H](Cc1ccc(OCC(=O)O)cc1)NC[C@H](O)c1cccc(Cl)c1,3000.0,nM,5.52
CHEMBL104061,CCCNC(=O)Nc1ccc(S(=O)(=O)Nc2ccc(CCNC[C@H](O)c3cccnc3)cc2)cc1,8000.0,nM,5.10
CHEMBL104193,O=C(NCCc1ccccc1)Nc1ccc(S(=O)(=O)Nc2ccc(CCNC[C@H](O)c3cccnc3)cc2)cc1,200.0,nM,6.70
CHEMBL104981,CC(C)c1ccc(S(=O)(=O)Nc2ccc(CCNC[C@H](O)c3cccnc3)cc2)cc1,6000.0,nM,5.22
CHEMBL318165,CCCCCCCC(=O)Nc1ccc(S(=O)(=O)Nc2ccc(CCNC[C@H](O)c3cccnc3)cc2)cc1,10000.0,nM,5.00
CHEMBL320138,O=C(CCCc1ccccc1)Nc1ccc(S(=O)(=O)Nc2ccc(CCNC[C@H](O)c3cccnc3)cc2)cc1,2000.0,nM,5.70
CHEMBL104127,CS(=O)(=O)Nc1ccc(CCNC[C@H](O)c2cccnc2)cc1,10000.0,nM,5.00
CHEMBL104551,O=S(=O)(CCc1ccccc1)Nc1ccc(CCNC[C@H](O)c2cccnc2)cc1,8000.0,nM,5.10
CHEMBL104180,O=S(=O)(Nc1ccc(CCNC[C@H](O)c2cccnc2)cc1)c1ccccc1,8000.0,nM,5.10
CHEMBL105968,O=S(=O)(Nc1ccc(CCNC[C@H](O)c2cccnc2)cc1)c1ccc(Br)cc1,5000.0,nM,5.30
CHEMBL64697,O=S(=O)(Nc1ccc(CCNC[C@H](O)c2cccnc2)cc1)c1ccc(I)cc1,7000.0,nM,5.16
CHEMBL107681,O=S(=O)(Nc1ccc(CCNC[C@H](O)c2cccnc2)cc1)c1cnc2ccccc2c1,1000.0,nM,6.00
CHEMBL348501,Cc1ccc(S(=O)(=O)NC(=O)Cc2ccc(NC[C@@H](C)NC[C@H](O)c3cccc(Cl)c3)cc2)cc1,5011.87,nM,5.30
CHEMBL154419,C[C@H](CNc1ccc(CC(=O)O)cc1)NC[C@H](O)c1cccc(Cl)c1,794.33,nM,6.10
CHEMBL347582,Cc1ccc(S(=O)(=O)NC(=O)Cc2cccc(NC[C@@H](C)NC[C@H](O)c3cccc(Cl)c3)c2)cc1,15848.93,nM,4.80
CHEMBL302893,O=S(=O)(Nc1ccc(CCNC[C@H](O)c2cccnc2)cc1)c1ccc(-n2ncc(-c3ccc(OC(F)(F)F)cc3)n2)cc1,1600.0,nM,5.80
CHEMBL304991,O=S(=O)(Nc1ccc(CCNC[C@H](O)c2cccnc2)cc1)c1ccc(-n2ncc(Cc3ccc(OC(F)(F)F)cc3)n2)cc1,860.0,nM,6.07
CHEMBL63138,O=S(=O)(Nc1ccc(CCNC[C@H](O)c2cccnc2)cc1)c1ccc(-n2ncc(-c3ccc(F)c(F)c3)n2)cc1,1300.0,nM,5.89
CHEMBL63760,O=S(=O)(Nc1ccc(CCNC[C@H](O)c2cccnc2)cc1)c1ccc(-n2ncc(-c3ccc(C(F)(F)F)cc3)n2)cc1,21000.0,nM,4.68
CHEMBL65513,O=S(=O)(Nc1ccc(CCNC[C@H](O)c2cccnc2)cc1)c1ccc(-n2ncc(Cc3ccc(F)c(F)c3)n2)cc1,1000.0,nM,6.00
CHEMBL22318,CCCCCCCCn1nnn(-c2ccc(S(=O)(=O)Nc3ccc(CCNC[C@H](O)c4cccnc4)cc3)cc2)c1=O,570.0,nM,6.24
CHEMBL277613,O=S(=O)(Nc1ccc(CCNC[C@H](O)c2cccnc2)cc1)c1ccc(-n2ncc(COc3ccc(C(F)(F)F)cc3)n2)cc1,730.0,nM,6.14
CHEMBL304298,O=S(=O)(Nc1ccc(CCNC[C@H](O)c2cccnc2)cc1)c1ccc(-n2ncc(Cc3ccc(F)cc3)n2)cc1,780.0,nM,6.11
CHEMBL63963,O=S(=O)(Nc1ccc(CCNC[C@H](O)c2cccnc2)cc1)c1ccc(-n2ncc(Cc3cccc(F)c3)n2)cc1,380.0,nM,6.42
CHEMBL65461,O=S(=O)(Nc1ccc(CCNC[C@H](O)c2cccnc2)cc1)c1ccc(-n2ncc(Cc3ccc(C(F)(F)F)cc3)n2)cc1,4700.0,nM,5.33
CHEMBL305558,O=S(=O)(Nc1ccc(CCNC[C@H](O)c2cccnc2)cc1)c1ccc(-n2ncc(-c3ccc(F)cc3)n2)cc1,9300.0,nM,5.03
CHEMBL63825,O=S(=O)(Nc1ccc(CCNC[C@H](O)c2cccnc2)cc1)c1ccc(-n2ncc(COc3ccc(OC(F)(F)F)cc3)n2)cc1,620.0,nM,6.21
CHEMBL22345,CCCCCCn1nnn(-c2ccc(S(=O)(=O)Nc3ccc(CCNC[C@H](O)c4cccnc4)cc3)cc2)c1=O,3300.0,nM,5.48
CHEMBL67404,O=S(=O)(Nc1ccc(CCNC[C@H](O)c2cccnc2)cc1)c1ccc(-n2ncc(Cc3c(F)cc(F)cc3F)n2)cc1,8800.0,nM,5.06
CHEMBL66908,O=S(=O)(Nc1ccc(CCNC[C@H](O)c2cccnc2)cc1)c1ccc(-n2ncc(-c3cccc(F)c3)n2)cc1,8800.0,nM,5.06
CHEMBL66789,O=S(=O)(Nc1ccc(CCNC[C@H](O)c2cccnc2)cc1)c1ccc(-n2ncc(Cc3c(F)cccc3F)n2)cc1,5000.0,nM,5.30
CHEMBL68301,O=S(=O)(Nc1ccc(CCNC[C@H](O)c2cccnc2)cc1)c1ccc(-n2ncc(COc3ccc(F)c(F)c3)n2)cc1,690.0,nM,6.16
CHEMBL22375,O=c1n(CCCC2CCCC2)nnn1-c1ccc(S(=O)(=O)Nc2ccc(CCNC[C@H](O)c3cccnc3)cc2)cc1,1600.0,nM,5.80
CHEMBL63357,COc1ccc(-c2cnn(-c3ccc(S(=O)(=O)Nc4ccc(CCNC[C@H](O)c5cccnc5)cc4)cc3)n2)cc1F,2500.0,nM,5.60
CHEMBL13079,O=S(=O)(Cc1ccccc1)Nc1ccc(CCNC[C@H](O)COc2ccc(O)cc2)cc1,21.0,nM,7.68
CHEMBL332132,N#CN/C(=N\c1ccc2c(c1)N(c1nc(-c3ccc(OC(F)(F)F)cc3)cs1)CC2)Nc1ccc(CCNC[C@H](O)c2cccnc2)cc1,710.0,nM,6.15
CHEMBL125246,O=[N+]([O-])/C=C(\Nc1ccc(CCNC[C@H](O)c2cccnc2)cc1)Nc1cc(Cl)cc(Cl)c1,5600.0,nM,5.25
CHEMBL144870,CCCCCCCNC(=O)Nc1ccc(S(=O)(=O)Nc2ccc(CCNC[C@H](O)COc3ccc(O)cc3)cc2)cc1,200.0,nM,6.70
CHEMBL267545,O=S(=O)(Nc1ccc(CCNC[C@H](O)COc2ccc(O)cc2)cc1)c1ccc(Br)cc1,180.0,nM,6.75
CHEMBL12998,CCCCCCNC(=O)Nc1ccc(S(=O)(=O)Nc2ccc(CCNC[C@H](O)COc3ccc(O)cc3)cc2)cc1,190.0,nM,6.72
CHEMBL12188,CS(=O)(=O)Nc1ccc(CCNC[C@H](O)COc2ccc(O)cc2)cc1,220.0,nM,6.66
CHEMBL12813,O=S(=O)(Nc1ccc(CCNC[C@H](O)COc2ccc(O)cc2)cc1)c1cccc(Cl)c1,370.0,nM,6.43
CHEMBL13389,COC(=O)Nc1ccc(S(=O)(=O)Nc2ccc(CCNC[C@H](O)COc3ccc(O)cc3)cc2)cc1,430.0,nM,6.37
CHEMBL274782,COc1ccc(CC[C@H](C)NC[C@H](O)COc2ccc(O)cc2)cc1,20.0,nM,7.70
CHEMBL276659,O=C(Nc1ccc(CCNC[C@H](O)COc2ccc(O)cc2)cc1)c1ccccc1,230.0,nM,6.64
CHEMBL124668,N#CN/C(=N\c1cccc(F)c1)Nc1ccc(CCNC[C@H](O)c2cccnc2)cc1,200.0,nM,6.70
CHEMBL439794,N#CN/C(=N\c1cccc2ccccc12)Nc1ccc(CCNC[C@H](O)c2cccnc2)cc1,570.0,nM,6.24
CHEMBL431678,N#CN/C(=N\c1ccc2c(c1)CCN2c1nc(-c2ccc(OC(F)(F)F)cc2)cs1)Nc1ccc(CCNC[C@H](O)c2cccnc2)cc1,180.0,nM,6.75
CHEMBL13278,O=S(=O)(Nc1ccc(CCNC[C@H](O)COc2ccc(O)cc2)cc1)c1ccc2ccccc2c1,630.0,nM,6.20
CHEMBL12674,O=S(=O)(CCc1ccccc1)Nc1ccc(CCNC[C@H](O)COc2ccc(O)cc2)cc1,120.0,nM,6.92
CHEMBL125168,N#CN/C(=N\c1cccc(I)c1)Nc1ccc(CCNC[C@H](O)c2cccnc2)cc1,67.0,nM,7.17
CHEMBL301231,CCCCCCCCc1csc(N2CCc3cc(S(=O)(=O)Nc4ccc(CCNC[C@H](O)c5cccnc5)cc4)ccc32)n1,1300.0,nM,5.89
CHEMBL12686,COc1ccc(S(=O)(=O)Nc2ccc(CCNC[C@H](O)COc3ccc(O)cc3)cc2)cc1,190.0,nM,6.72
CHEMBL124597,N#CN/C(=N\c1ccc2c(c1)CCN2c1nc(-c2ccc(OC(F)(F)F)cc2)cs1)Nc1ccc2cc(CCNC[C@H](O)c3cccnc3)ccc2c1,7100.0,nM,5.15
CHEMBL13432,O=C(Nc1ccc(S(=O)(=O)Nc2ccc(CCNC[C@H](O)COc3ccc(O)cc3)cc2)cc1)NC1CCCCC1,5000.0,nM,5.30
CHEMBL12769,O=S(=O)(Nc1ccc(CCNC[C@H](O)COc2ccc(O)cc2)cc1)c1cnc2ccccc2c1,240.0,nM,6.62
CHEMBL126055,N#CN/C(=N\c1ccc(I)cc1)Nc1ccc(CCNC[C@H](O)c2cccnc2)cc1,170.0,nM,6.77
CHEMBL124863,N#CN/C(=N\c1cccc(Oc2ccccc2)c1)Nc1ccc(CCNC[C@H](O)c2cccnc2)cc1,40.0,nM,7.40
CHEMBL13003,O=S(=O)(CCCc1ccccc1)Nc1ccc(CCNC[C@H](O)COc2ccc(O)cc2)cc1,130.0,nM,6.89
CHEMBL338618,N#CN/C(=N\c1cc(Cl)cc(Cl)c1)Nc1ccc(CCNC[C@H](O)c2cccnc2)cc1,140.0,nM,6.85
CHEMBL12945,O=S(=O)(Nc1ccc(CCNC[C@H](O)COc2ccc(O)cc2)cc1)c1ccc(Cl)c(Cl)c1,3000.0,nM,5.52
CHEMBL274144,CCCCCCN(C)C(=O)Nc1ccc(S(=O)(=O)Nc2ccc(CCNC[C@H](O)COc3ccc(O)cc3)cc2)cc1,720.0,nM,6.14
CHEMBL124584,O=[N+]([O-])/C=C(\Nc1ccc(CCNC[C@H](O)c2cccnc2)cc1)Nc1cccc(F)c1,2400.0,nM,5.62
CHEMBL127451,NC(=O)c1cccc(N/C(=C/[N+](=O)[O-])Nc2ccc(CCNC[C@H](O)c3cccnc3)cc2)c1,1200.0,nM,5.92
CHEMBL410702,O=[N+]([O-])/C=C(\Nc1ccc(CCNC[C@H](O)c2cccnc2)cc1)Nc1ccc2ccccc2c1,3400.0,nM,5.47
CHEMBL13459,CCCCCNC(=O)Nc1ccc(S(=O)(=O)Nc2ccc(CCNC[C@H](O)COc3ccc(O)cc3)cc2)cc1,350.0,nM,6.46
CHEMBL13034,Nc1ccc(CCNC[C@H](O)COc2ccc(O)cc2)cc1,500.0,nM,6.30
CHEMBL127422,N#CN/C(=N\c1ccc2ccccc2c1)Nc1ccc(CCNC[C@H](O)c2cccnc2)cc1,50.0,nM,7.30
CHEMBL127428,O=[N+]([O-])/C=C(\Nc1ccc(CCNC[C@H](O)c2cccnc2)cc1)Nc1cccc(I)c1,1200.0,nM,5.92
CHEMBL419787,O=[N+]([O-])/C=C(\Nc1ccc(CCNC[C@H](O)c2cccnc2)cc1)Nc1cccc(Oc2ccccc2)c1,220.0,nM,6.66
CHEMBL12939,CCCCCCOC(=O)Nc1ccc(S(=O)(=O)Nc2ccc(CCNC[C@H](O)COc3ccc(O)cc3)cc2)cc1,110.0,nM,6.96
CHEMBL12911,CCOC(=O)Nc1ccc(S(=O)(=O)Nc2ccc(CCNC[C@H](O)COc3ccc(O)cc3)cc2)cc1,400.0,nM,6.40
CHEMBL12633,C[C@@H](Cc1ccc(O)cc1)NC[C@H](O)COc1ccc(O)cc1,84.0,nM,7.08
CHEMBL276480,CCCS(=O)(=O)Nc1ccc(CCNC[C@H](O)COc2ccc(O)cc2)cc1,500.0,nM,6.30
CHEMBL274807,O=S(=O)(Nc1ccc(CCNC[C@H](O)COc2ccc(O)cc2)cc1)C1CCCCC1,3000.0,nM,5.52
CHEMBL13106,CC(C)OC(=O)Nc1ccc(S(=O)(=O)Nc2ccc(CCNC[C@H](O)COc3ccc(O)cc3)cc2)cc1,210.0,nM,6.68
CHEMBL127656,CCCCCCCCc1csc(N2CCc3c(N/C(=N/c4ccc(CCNC[C@H](O)c5cccnc5)cc4)NC#N)cccc32)n1,930.0,nM,6.03
CHEMBL13521,COCCCNC(=O)Nc1ccc(S(=O)(=O)Nc2ccc(CCNC[C@H](O)COc3ccc(O)cc3)cc2)cc1,1000.0,nM,6.00
CHEMBL12994,C[C@@H](CCc1ccc(O)cc1)NC[C@H](O)COc1ccc(O)cc1,10.0,nM,8.00
CHEMBL417613,O=S(=O)(Nc1ccc(CCNC[C@H](O)COc2ccc(O)cc2)cc1)c1ccccc1,190.0,nM,6.72
CHEMBL12718,Cc1ccc(S(=O)(=O)Nc2ccc(CCNC[C@H](O)COc3ccc(O)cc3)cc2)cc1,170.0,nM,6.77
CHEMBL273428,CC(=O)Nc1ccc(S(=O)(=O)Nc2ccc(CCNC[C@H](O)COc3ccc(O)cc3)cc2)cc1,2000.0,nM,5.70
CHEMBL12498,CCCCCS(=O)(=O)Nc1ccc(CCNC[C@H](O)COc2ccc(O)cc2)cc1,250.0,nM,6.60
CHEMBL338664,CCCCCCCCc1csc(N2CCc3cc(N/C(S)=N/c4ccc(CCNC[C@H](O)c5cccnc5)cc4)ccc32)n1,260.0,nM,6.58
CHEMBL13398,CNC(=O)Nc1ccc(S(=O)(=O)Nc2ccc(CCNC[C@H](O)COc3ccc(O)cc3)cc2)cc1,400.0,nM,6.40
CHEMBL13467,CCCCCCCCNC(=O)Nc1ccc(S(=O)(=O)Nc2ccc(CCNC[C@H](O)COc3ccc(O)cc3)cc2)cc1,170.0,nM,6.77
CHEMBL12450,O=S(=O)(Nc1ccc(CCNC[C@H](O)COc2ccc(O)cc2)cc1)c1ccc(Cl)cc1,280.0,nM,6.55
CHEMBL124929,CCCCCCCCc1csc(N2CCc3ccc(N/C(=N/c4ccc(CCNC[C@H](O)c5cccnc5)cc4)NC#N)cc32)n1,66.0,nM,7.18
CHEMBL13238,CC(C)S(=O)(=O)Nc1ccc(CCNC[C@H](O)COc2ccc(O)cc2)cc1,58.0,nM,7.24
CHEMBL13132,O=C(Nc1ccc(S(=O)(=O)Nc2ccc(CCNC[C@H](O)COc3ccc(O)cc3)cc2)cc1)OCc1ccccc1,130.0,nM,6.89
CHEMBL275511,CCCNC(=O)Nc1ccc(S(=O)(=O)Nc2ccc(CCNC[C@H](O)COc3ccc(O)cc3)cc2)cc1,540.0,nM,6.27
CHEMBL267306,O=S(=O)(Nc1ccc(CCNC[C@H](O)COc2ccc(O)cc2)cc1)c1ccccc1Cl,100.0,nM,7.00
CHEMBL276257,O=S(=O)(Nc1ccc(CCNC[C@H](O)COc2ccc(O)cc2)cc1)c1ccc(I)cc1,120.0,nM,6.92
CHEMBL12876,Oc1ccc(CCNC[C@H](O)COc2ccc(O)cc2)cc1,150.0,nM,6.82
CHEMBL417250,O=C(Nc1ccc(S(=O)(=O)Nc2ccc(CCNC[C@H](O)COc3ccc(O)cc3)cc2)cc1)c1ccccc1,110.0,nM,6.96
CHEMBL12762,COc1ccc(CCCNC[C@H](O)COc2ccc(O)cc2)cc1,63.0,nM,7.20
CHEMBL13102,CC(=O)Nc1ccc(CCNC[C@H](O)COc2ccc(O)cc2)cc1,11.0,nM,7.96
CHEMBL12943,CCC(=O)Nc1ccc(S(=O)(=O)Nc2ccc(CCNC[C@H](O)COc3ccc(O)cc3)cc2)cc1,220.0,nM,6.66
CHEMBL13453,CCCC(=O)Nc1ccc(S(=O)(=O)Nc2ccc(CCNC[C@H](O)COc3ccc(O)cc3)cc2)cc1,230.0,nM,6.64
CHEMBL338748,O=[N+]([O-])/C=C(\Nc1ccc(CCNC[C@H](O)c2cccnc2)cc1)Nc1cccc2ccccc12,370.0,nM,6.43
CHEMBL275291,CC(C)NC(=O)Nc1ccc(S(=O)(=O)Nc2ccc(CCNC[C@H](O)COc3ccc(O)cc3)cc2)cc1,700.0,nM,6.16
CHEMBL274143,CCCCCCNC(=O)N(C)c1ccc(S(=O)(=O)Nc2ccc(CCNC[C@H](O)COc3ccc(O)cc3)cc2)cc1,290.0,nM,6.54
CHEMBL268289,CCCCCCC(=O)Nc1ccc(S(=O)(=O)Nc2ccc(CCNC[C@H](O)COc3ccc(O)cc3)cc2)cc1,230.0,nM,6.64
CHEMBL332010,N#CN/C(=N\c1ccc(CCNC[C@H](O)c2cccnc2)cc1)Nc1cccc(C(N)=O)c1,400.0,nM,6.40
CHEMBL275114,CCCCCCN(C)C(=O)N(C)c1ccc(S(=O)(=O)Nc2ccc(CCNC[C@H](O)COc3ccc(O)cc3)cc2)cc1,120.0,nM,6.92
CHEMBL13068,CC(C)C(=O)Nc1ccc(S(=O)(=O)Nc2ccc(CCNC[C@H](O)COc3ccc(O)cc3)cc2)cc1,450.0,nM,6.35
CHEMBL123745,CCCCCCCCc1csc(N2CCc3cc(N/C(=N/c4ccc(CCNC[C@H](O)c5cccnc5)cc4)NC#N)ccc32)n1,50.0,nM,7.30
CHEMBL79806,CCCCCCn1cnn(-c2ccc(S(=O)(=O)Nc3ccc(CCNC[C@H](O)c4cccnc4)cc3)cc2)c1=O,4500.0,nM,5.35
CHEMBL83698,CCCCCCCCN1C(=O)CN(c2ccc(S(=O)(=O)Nc3ccc(CCNC[C@H](O)c4cccnc4)cc3)cc2)C1=O,370.0,nM,6.43
CHEMBL79363,CCCCCCCCn1c(C)cn(-c2ccc(S(=O)(=O)Nc3ccc(CCNC[C@H](O)c4cccnc4)cc3)cc2)c1=O,7000.0,nM,5.16
CHEMBL312364,CCCCCCCCn1c(=O)[nH]n(-c2ccc(S(=O)(=O)Nc3ccc(CCNC[C@H](O)c4cccnc4)cc3)cc2)c1=O,3000.0,nM,5.52
CHEMBL66936,CCCCCCCCN1CC(=O)N(c2ccc(S(=O)(=O)Nc3ccc(CCNC[C@H](O)c4cccnc4)cc3)cc2)C1=O,5000.0,nM,5.30
CHEMBL84190,CCCCCCCCN1CCN(c2ccc(S(=O)(=O)Nc3ccc(CCNC[C@H](O)c4cccnc4)cc3)cc2)C1=O,380.0,nM,6.42
CHEMBL83753,CCCCCCCCn1ccn(-c2ccc(S(=O)(=O)Nc3ccc(CCNC[C@H](O)c4cccnc4)cc3)cc2)c1=O,330.0,nM,6.48
CHEMBL351467,CCCCCCn1c(=O)[nH]n(-c2ccc(S(=O)(=O)Nc3ccc(CCNC[C@H](O)c4cccnc4)cc3)cc2)c1=O,10000.0,nM,5.00
CHEMBL314893,CCCCCCn1ncn(-c2ccc(S(=O)(=O)Nc3ccc(CCNC[C@H](O)c4cccnc4)cc3)cc2)c1=O,8500.0,nM,5.07
CHEMBL82296,CCCCCCN1CCN(c2ccc(S(=O)(=O)Nc3ccc(CCNC[C@H](O)c4cccnc4)cc3)cc2)C1=O,2300.0,nM,5.64
CHEMBL163579,CCCCCCCCn1cnn(-c2ccc(S(=O)(=O)Nc3ccc(CCNC[C@H](O)c4cccnc4)cc3)cc2)c1=O,730.0,nM,6.14
CHEMBL22386,CCCCCCn1ccn(-c2ccc(S(=O)(=O)Nc3ccc(CCNC[C@H](O)c4cccnc4)cc3)cc2)c1=O,12000.0,nM,4.92
CHEMBL163531,CCCCCCCCn1ncn(-c2ccc(S(=O)(=O)Nc3ccc(CCNC[C@H](O)c4cccnc4)cc3)cc2)c1=O,2000.0,nM,5.70
CHEMBL84117,CCCCCCN1C(=O)CN(c2ccc(S(=O)(=O)Nc3ccc(CCNC[C@H](O)c4cccnc4)cc3)cc2)C1=O,2000.0,nM,5.70
CHEMBL312546,CCCCCCn1c(C)cn(-c2ccc(S(=O)(=O)Nc3ccc(CCNC[C@H](O)c4cccnc4)cc3)cc2)c1=O,7000.0,nM,5.16
CHEMBL415039,O=S(=O)(Nc1ccc(CCNC[C@H](O)c2cccnc2)cc1)c1ccc(-c2noc(Cc3ccc(C(F)(F)F)cc3)n2)cc1,2000.0,nM,5.70
CHEMBL287567,O=S(=O)(Nc1ccc(CCNC[C@H](O)c2cccnc2)cc1)c1ccc(-c2noc(COc3ccc(OC(F)(F)F)cc3)n2)cc1,5000.0,nM,5.30
CHEMBL28405,O=S(=O)(Nc1ccc(CCNC[C@H](O)c2cccnc2)cc1)c1ccc(-c2nc(Cc3ccc(F)c(F)c3)no2)cc1,2500.0,nM,5.60
CHEMBL287562,O=S(=O)(Nc1ccc(CCNC[C@H](O)c2cccnc2)cc1)c1ccc(-c2noc(COc3ccc4ccccc4c3)n2)cc1,90000.0,nM,4.05
CHEMBL285240,O=S(=O)(Nc1ccc(CCNC[C@H](O)c2cccnc2)cc1)c1ccc(-c2nc(Cc3ccc(F)cc3)no2)cc1,4000.0,nM,5.40
CHEMBL32411,O=S(=O)(Nc1ccc(CCNC[C@H](O)c2cccnc2)cc1)c1ccc(-c2noc(COc3ccc(F)c(F)c3)n2)cc1,1430.0,nM,5.84
CHEMBL285499,O=S(=O)(Nc1ccc(CCNC[C@H](O)c2cccnc2)cc1)c1ccc(-c2noc(Cc3cc(F)c(F)c(F)c3)n2)cc1,720.0,nM,6.14
CHEMBL286435,O=S(=O)(Nc1ccc(CCNC[C@H](O)c2cccnc2)cc1)c1ccc(-c2noc(COc3ccc(F)cc3)n2)cc1,490.0,nM,6.31
CHEMBL288550,O=S(=O)(Nc1ccc(CCNC[C@H](O)c2cccnc2)cc1)c1ccc(-c2nc(COc3ccc(F)cc3)no2)cc1,7500.0,nM,5.12
CHEMBL33515,O=S(=O)(Nc1ccc(CCNC[C@H](O)c2cccnc2)cc1)c1ccc(-c2noc(Cc3cccc(OC(F)(F)F)c3)n2)cc1,5500.0,nM,5.26
CHEMBL289250,CC(=O)Nc1ccc(Cc2nc(-c3ccc(S(=O)(=O)Nc4ccc(CCNC[C@H](O)c5cccnc5)cc4)cc3)no2)cc1,5000.0,nM,5.30
CHEMBL286438,O=S(=O)(Nc1ccc(CCNC[C@H](O)c2cccnc2)cc1)c1ccc(-c2noc(Cc3ccc(-c4ccccn4)cc3)n2)cc1,4500.0,nM,5.35
CHEMBL33292,O=S(=O)(Nc1ccc(CCNC[C@H](O)c2cccnc2)cc1)c1ccc(-c2noc(Cc3ccc(OC(F)(F)F)cc3)n2)cc1,7600.0,nM,5.12
CHEMBL289248,CS(=O)(=O)NC(c1ccc(F)cc1)c1nc(-c2ccc(S(=O)(=O)Nc3ccc(CCNC[C@H](O)c4cccnc4)cc3)cc2)no1,2500.0,nM,5.60
CHEMBL286859,O=S(=O)(Nc1ccc(CCNC[C@H](O)c2cccnc2)cc1)c1ccc(-c2noc(Cc3ccc(F)cc3)n2)cc1,1660.0,nM,5.78
CHEMBL289249,O=C(c1ccc(F)cc1)c1nc(-c2ccc(S(=O)(=O)Nc3ccc(CCNC[C@H](O)c4cccnc4)cc3)cc2)no1,15000.0,nM,4.82
CHEMBL33155,COC(=O)NC(c1ccc(F)cc1)c1nc(-c2ccc(S(=O)(=O)Nc3ccc(CCNC[C@H](O)c4cccnc4)cc3)cc2)no1,5400.0,nM,5.27
CHEMBL33384,O=S(=O)(Nc1ccc(CCNC[C@H](O)c2cccnc2)cc1)c1ccc(-c2nc(COc3ccc(F)c(F)c3)no2)cc1,3500.0,nM,5.46
CHEMBL33224,O=S(=O)(Nc1ccc(CCNC[C@H](O)c2cccnc2)cc1)c1ccc(-c2noc(C(O)c3ccc(F)cc3)n2)cc1,2500.0,nM,5.60
CHEMBL287561,O=S(=O)(Nc1ccc(CCNC[C@H](O)c2cccnc2)cc1)c1ccc(-c2noc(Cc3cccc(F)c3)n2)cc1,695.0,nM,6.16
CHEMBL32891,NC(c1ccc(F)cc1)c1nc(-c2ccc(S(=O)(=O)Nc3ccc(CCNC[C@H](O)c4cccnc4)cc3)cc2)no1,2000.0,nM,5.70
CHEMBL286437,O=S(=O)(Nc1ccc(CCNC[C@H](O)c2cccnc2)cc1)c1ccc(-c2noc(Cc3ccc4ccccc4c3)n2)cc1,1500.0,nM,5.82
CHEMBL285001,O=S(=O)(Nc1ccc(CCNC[C@H](O)c2cccnc2)cc1)c1ccc(-c2noc(Cc3ccc(F)c(F)c3)n2)cc1,980.0,nM,6.01
CHEMBL34406,COc1ccc(OCc2nc(-c3ccc(S(=O)(=O)Nc4ccc(CCNC[C@H](O)c5cccnc5)cc4)cc3)no2)cc1,5000.0,nM,5.30
CHEMBL32418,O=S(=O)(Nc1ccc(CCNC[C@H](O)c2cccnc2)cc1)c1ccc(-c2noc(COc3ccc(C4N=NN=N4)cc3)n2)cc1,8000.0,nM,5.10
CHEMBL291246,CSc1ccc(Cc2nc(-c3ccc(S(=O)(=O)Nc4ccc(CCNC[C@H](O)c5cccnc5)cc4)cc3)no2)cc1,9500.0,nM,5.02
CHEMBL286231,O=S(=O)(Nc1ccc(CCNC[C@H](O)c2cccnc2)cc1)c1ccc(-c2noc(COc3ccccc3O)n2)cc1,2500.0,nM,5.60
CHEMBL405245,CNC(=O)NC(c1ccc(F)cc1)c1nc(-c2ccc(S(=O)(=O)Nc3ccc(CCNC[C@H](O)c4cccnc4)cc3)cc2)no1,1500.0,nM,5.82
CHEMBL285704,CC(=O)Nc1ccc(OCc2nc(-c3ccc(S(=O)(=O)Nc4ccc(CCNC[C@H](O)c5cccnc5)cc4)cc3)no2)cc1,9500.0,nM,5.02
CHEMBL34441,CS(=O)(=O)Nc1ccc(Cc2nc(-c3ccc(S(=O)(=O)Nc4ccc(CCNC[C@H](O)c5cccnc5)cc4)cc3)no2)cc1,3000.0,nM,5.52
CHEMBL174984,COc1cc(C[C@@H]2NCCc3cc(O)c(O)cc32)cc(OC)c1OC,6.1,nM,8.21
CHEMBL74860,CCCCCCNC(=O)Nc1ccc(S(=O)(=O)Nc2ccc(-c3cccc(CC4NCCc5cc(O)c(O)cc54)c3)cc2)cc1,100000.0,nM,4.00
CHEMBL312074,CCCCCCNC(=O)Nc1ccc(S(=O)(=O)Nc2ccc(-c3ccc(OCC4NCCc5cc(O)c(O)cc54)cc3)cc2)cc1,160.0,nM,6.80
CHEMBL102194,CCCCCCCCNC(=O)Nc1ccc(S(=O)(=O)N2CCC(CNC[C@H](O)COc3ccc(O)cc3)CC2)cc1,4.0,nM,8.40
CHEMBL307647,COc1c(I)cc(CC2NCCc3nc(N)sc32)cc1I,56.0,nM,7.25
CHEMBL431048,CS(=O)(=O)Nc1cc(OC[C@@H](O)CNCC2CCN(S(=O)(=O)c3ccc(NC(=O)NCc4cc(F)ccc4F)cc3)CC2)ccc1O,268.0,nM,6.57
CHEMBL308860,CCCCCCNC(=O)Nc1ccc(S(=O)(=O)Nc2cccc(-c3ccc(OCC4NCCc5cc(O)c(O)cc54)cc3)c2)cc1,990.0,nM,6.00
CHEMBL308868,CCCCCCNC(=O)Nc1ccc(S(=O)(=O)Nc2cccc(-c3cccc(CC4NCCc5cc(O)c(O)cc54)c3)c2)cc1,710.0,nM,6.15
CHEMBL67998,CCCCCCNC(=O)Nc1ccc(S(=O)(=O)Nc2ccc3cc(CC4NCCc5cc(O)c(O)cc54)ccc3c2)cc1,300.0,nM,6.52
CHEMBL421871,COc1cc(-c2ccc(CC3NCCc4cc(O)c(O)cc43)cc2)cc(OC)c1OC,760.0,nM,6.12
CHEMBL75604,CCCCCCNC(=O)Nc1ccc(S(=O)(=O)Nc2ccc(-c3ccc(CC4NCCc5cc(O)c(O)cc54)cc3)cc2)cc1,3400.0,nM,5.47
CHEMBL305891,CCCCCCNC(=O)Nc1ccc(S(=O)(=O)Nc2cccc(-c3ccc(CC4NCCc5cc(O)c(O)cc54)cc3)c2)cc1,32000.0,nM,4.50
CHEMBL308126,CCCCCCNC(=O)Nc1ccc(S(=O)(=O)Nc2ccc(OCC3NCCc4cc(O)c(O)cc43)cc2)cc1,300.0,nM,6.52
CHEMBL74085,CCCCCCNC(=O)Nc1ccc(S(=O)(=O)Nc2ccc(CC3NCCc4cc(O)c(O)cc43)cc2)cc1,200.0,nM,6.70
CHEMBL83754,O=C1N(CCCC(F)(F)C(F)(F)F)CCN1c1ccc(S(=O)(=O)Nc2ccc(CCNC[C@H](O)c3cccnc3)cc2)cc1,9000.0,nM,5.05
CHEMBL291992,CCCCCCc1csc(-c2ccc(S(=O)(=O)Nc3ccc(CCNC[C@H](O)c4cccnc4)cc3)cc2)n1,620.0,nM,6.21
CHEMBL291516,O=S(=O)(Nc1ccc(CCNC[C@H](O)c2cccnc2)cc1)c1ccc(-c2nc(-c3c[nH]c4ccccc34)cs2)cc1,50000.0,nM,4.30
CHEMBL61962,O=S(=O)(Nc1ccc(CCNC[C@H](O)c2cccnc2)cc1)c1ccc(-c2nc(-c3ccc(O)cc3)cs2)cc1,5700.0,nM,5.24
CHEMBL61429,O=S(=O)(Nc1ccc(CCNC[C@H](O)c2cccnc2)cc1)c1ccc(Cc2nc(Cc3ccc4ccccc4c3)cs2)cc1,2000.0,nM,5.70
CHEMBL82296,CCCCCCN1CCN(c2ccc(S(=O)(=O)Nc3ccc(CCNC[C@H](O)c4cccnc4)cc3)cc2)C1=O,2300.0,nM,5.64
CHEMBL291306,O=S(=O)(Nc1ccc(CCNC[C@H](O)c2cccnc2)cc1)c1ccc(-c2nc(-c3cc4ccccc4s3)cs2)cc1,93000.0,nM,4.03
CHEMBL58798,O=S(=O)(Nc1ccc(CCNC[C@H](O)c2cccnc2)cc1)c1ccc(-c2nc(-c3ccc(F)cc3)cs2)cc1,1900.0,nM,5.72
CHEMBL291594,CC(=O)Nc1ccc(-c2csc(-c3ccc(S(=O)(=O)Nc4ccc(CCNC[C@H](O)c5cccnc5)cc4)cc3)n2)cc1,2100.0,nM,5.68
CHEMBL22386,CCCCCCn1ccn(-c2ccc(S(=O)(=O)Nc3ccc(CCNC[C@H](O)c4cccnc4)cc3)cc2)c1=O,12000.0,nM,4.92
CHEMBL418308,O=S(=O)(Nc1ccc(CCNC[C@H](O)c2cccnc2)cc1)c1ccc(-c2nc(Cc3ccc4ccccc4c3)cs2)cc1,2300.0,nM,5.64
CHEMBL164401,CN1CCN(c2ccc(S(=O)(=O)Nc3ccc(CCNC[C@H](O)c4cccnc4)cc3)cc2)C1=O,2000.0,nM,5.70
CHEMBL79675,O=C1N(CCCC(F)(F)F)CCN1c1ccc(S(=O)(=O)Nc2ccc(CCNC[C@H](O)c3cccnc3)cc2)cc1,6500.0,nM,5.19
CHEMBL293577,O=S(=O)(Nc1ccc(CCNC[C@H](O)c2cccnc2)cc1)c1ccc(-c2nc(-c3cnc4ccccc4c3)cs2)cc1,47000.0,nM,4.33
CHEMBL350590,O=C1N(CCC2CCCCC2)CCN1c1ccc(S(=O)(=O)Nc2ccc(CCNC[C@H](O)c3cccnc3)cc2)cc1,1000.0,nM,6.00
CHEMBL294172,O=S(=O)(Nc1ccc(CCNC[C@H](O)c2cccnc2)cc1)c1ccc(-c2nc(CCCC3CCCC3)cs2)cc1,3000.0,nM,5.52
CHEMBL349689,O=c1n(CCCC(F)(F)F)ccn1-c1ccc(S(=O)(=O)Nc2ccc(CCNC[C@H](O)c3cccnc3)cc2)cc1,10000.0,nM,5.00
CHEMBL58407,O=S(=O)(Nc1ccc(CCNC[C@H](O)c2cccnc2)cc1)c1ccc(-c2nc(-c3ccc4ccccc4c3)cs2)cc1,6300.0,nM,5.20
CHEMBL294753,CC(C)(C)c1ccc(-c2csc(-c3ccc(S(=O)(=O)Nc4ccc(CCNC[C@H](O)c5cccnc5)cc4)cc3)n2)cc1,2000.0,nM,5.70
CHEMBL165177,O=C1N(CCCC2CCCCC2)CCN1c1ccc(S(=O)(=O)Nc2ccc(CCNC[C@H](O)c3cccnc3)cc2)cc1,1000.0,nM,6.00
CHEMBL60281,CCCCCCCCc1csc(-c2ccc(S(=O)(=O)Nc3ccc(CCNC[C@H](O)c4cccnc4)cc3)cc2)n1,3000.0,nM,5.52
CHEMBL291593,CCCCCCCCc1csc(Cc2ccc(S(=O)(=O)Nc3ccc(CCNC[C@H](O)c4cccnc4)cc3)cc2)n1,1000.0,nM,6.00
CHEMBL83753,CCCCCCCCn1ccn(-c2ccc(S(=O)(=O)Nc3ccc(CCNC[C@H](O)c4cccnc4)cc3)cc2)c1=O,330.0,nM,6.48
CHEMBL434284,COCCCCN1CCN(c2ccc(S(=O)(=O)Nc3ccc(CCNC[C@H](O)c4cccnc4)cc3)cc2)C1=O,50000.0,nM,4.30
CHEMBL59270,O=S(=O)(Nc1ccc(CCNC[C@H](O)c2cccnc2)cc1)c1ccc(-c2nc(CCc3ccccc3)cs2)cc1,910.0,nM,6.04
CHEMBL349651,O=c1n(CCCC2CCCC2)ccn1-c1ccc(S(=O)(=O)Nc2ccc(CCNC[C@H](O)c3cccnc3)cc2)cc1,760.0,nM,6.12
CHEMBL84190,CCCCCCCCN1CCN(c2ccc(S(=O)(=O)Nc3ccc(CCNC[C@H](O)c4cccnc4)cc3)cc2)C1=O,380.0,nM,6.42
CHEMBL79915,O=C(CCN1CCN(c2ccc(S(=O)(=O)Nc3ccc(CCNC[C@H](O)c4cccnc4)cc3)cc2)C1=O)N1CCCC1,100000.0,nM,4.00
CHEMBL430594,O=S(=O)(Nc1ccc(CCNC[C@H](O)c2cccnc2)cc1)c1ccc(-c2nc(Cc3ccc(F)cc3)cs2)cc1,2500.0,nM,5.60
CHEMBL166188,O=C1N(CCCc2ccccc2)CCN1c1ccc(S(=O)(=O)Nc2ccc(CCNC[C@H](O)c3cccnc3)cc2)cc1,2000.0,nM,5.70
CHEMBL350931,O=C1N(Cc2ccc(F)c(F)c2)CCN1c1ccc(S(=O)(=O)Nc2ccc(CCNC[C@H](O)c3cccnc3)cc2)cc1,3500.0,nM,5.46
CHEMBL22317,O=C1N(CCCC2CCCC2)CCN1c1ccc(S(=O)(=O)Nc2ccc(CCNC[C@H](O)c3cccnc3)cc2)cc1,760.0,nM,6.12
CHEMBL58241,CCCCCCc1ccc(-c2csc(-c3ccc(S(=O)(=O)Nc4ccc(CCNC[C@H](O)c5cccnc5)cc4)cc3)n2)cc1,90000.0,nM,4.05
CHEMBL349505,O=c1n(Cc2ccc(F)c(F)c2)ccn1-c1ccc(S(=O)(=O)Nc2ccc(CCNC[C@H](O)c3cccnc3)cc2)cc1,13000.0,nM,4.89
CHEMBL165015,CCCCCN1CCN(c2ccc(S(=O)(=O)Nc3ccc(CCNC[C@H](O)c4cccnc4)cc3)cc2)C1=O,5000.0,nM,5.30
CHEMBL165513,CCCCCCCN1CCN(c2ccc(S(=O)(=O)Nc3ccc(CCNC[C@H](O)c4cccnc4)cc3)cc2)C1=O,1000.0,nM,6.00
CHEMBL166013,CCCCN1CCN(c2ccc(S(=O)(=O)Nc3ccc(CCNC[C@H](O)c4cccnc4)cc3)cc2)C1=O,5300.0,nM,5.28
CHEMBL294492,O=S(=O)(Nc1ccc(CCNC[C@H](O)c2cccnc2)cc1)c1ccc(-c2nc(-c3cccnc3)cs2)cc1,3000.0,nM,5.52
CHEMBL351967,O=C1N(CCC2CCCC2)CCN1c1ccc(S(=O)(=O)Nc2ccc(CCNC[C@H](O)c3cccnc3)cc2)cc1,5000.0,nM,5.30
CHEMBL294849,CC(=O)NCCCCCc1csc(-c2ccc(S(=O)(=O)Nc3ccc(CCNC[C@H](O)c4cccnc4)cc3)cc2)n1,16000.0,nM,4.80
CHEMBL293994,O=S(=O)(Nc1ccc(CCNC[C@H](O)c2cccnc2)cc1)c1ccc(-c2nc(-c3ccc(F)c(F)c3)cs2)cc1,1700.0,nM,5.77
CHEMBL57908,O=S(=O)(Nc1ccc(CCNC[C@H](O)c2cccnc2)cc1)c1ccc(-c2nc(-c3cc4ccccc4o3)cs2)cc1,49000.0,nM,4.31
CHEMBL433248,O=S(=O)(Nc1ccc(CCNC[C@H](O)c2cccnc2)cc1)c1ccc(-c2nc(-c3ccccn3)cs2)cc1,4000.0,nM,5.40
CHEMBL292598,O=S(=O)(Nc1ccc(CCNC[C@H](O)c2cccnc2)cc1)c1ccc(-c2nc(-c3ccc4ncccc4c3)cs2)cc1,8000.0,nM,5.10
CHEMBL351596,CCCCC(C)(C)CN1CCN(c2ccc(S(=O)(=O)Nc3ccc(CCNC[C@H](O)c4cccnc4)cc3)cc2)C1=O,5000.0,nM,5.30
CHEMBL162043,O=C1N(CCCc2ccc(Cl)cc2)CCN1c1ccc(S(=O)(=O)Nc2ccc(CCNC[C@H](O)c3cccnc3)cc2)cc1,2000.0,nM,5.70
CHEMBL331744,O=S(=O)(Nc1ccc(CCNC[C@H](O)c2cccnc2)cc1)c1ccc(-c2nc(-c3ccc(OC(F)(F)F)cc3)cs2)cc1,1200.0,nM,5.92
CHEMBL111201,O=S(=O)(Nc1ccc(CCNC[C@H](O)c2cccnc2)cc1)c1ccc(-c2nc(-c3ccc(C(F)(F)F)cc3)cs2)cc1,2300.0,nM,5.64
CHEMBL293994,O=S(=O)(Nc1ccc(CCNC[C@H](O)c2cccnc2)cc1)c1ccc(-c2nc(-c3ccc(F)c(F)c3)cs2)cc1,1700.0,nM,5.77
CHEMBL338794,O=S(=O)(Nc1ccc(CCNC[C@H](O)c2cccnc2)cc1)c1ccc(-c2nc(-c3cccc(C(F)(F)F)c3)cs2)cc1,980.0,nM,6.01
CHEMBL333417,O=S(=O)(Nc1ccc(CCNC[C@H](O)c2cccnc2)cc1)c1ccc(-c2nc(-c3ccccc3C(F)(F)F)cs2)cc1,1800.0,nM,5.75
CHEMBL338976,O=S(=O)(Nc1ccc(CCNC[C@H](O)c2cccnc2)cc1)c1ccc(-c2nc(-c3ccc(F)cc3F)cs2)cc1,2600.0,nM,5.58
CHEMBL125963,O=S(=O)(Nc1ccc(CCNC[C@H](O)c2cccnc2)cc1)c1ccc(-c2nc(-c3cccc(F)c3F)cs2)cc1,760.0,nM,6.12
CHEMBL338216,O=S(=O)(Nc1ccc(CCNC[C@H](O)c2cccnc2)cc1)c1ccc(-c2nc(-c3cc(F)c(F)c(F)c3)cs2)cc1,5000.0,nM,5.30
CHEMBL513389,Cc1ccc(OCC(O)C(C)NC(C)C)c2c1CCC2,2.3,nM,8.64
CHEMBL403297,Cc1cc2c(CO)c(CCCCC(=O)O)n(CCc3ccccc3)c2cc1C(=O)O,15000.0,nM,4.82
CHEMBL513389,Cc1ccc(OCC(O)C(C)NC(C)C)c2c1CCC2,1.2,nM,8.92
CHEMBL462313,CC(C)N[C@@H]1CCn2c(=O)[nH]c3cccc(c32)[C@H]1O,620.0,nM,6.21
CHEMBL2218907,CC(C)NC1CCn2c(=O)[nH]c3cccc(c32)C1O,1100.0,nM,5.96
CHEMBL49080,CC(C)(C)NCC(O)c1cc(Cl)c(N)c(Cl)c1,1300.0,nM,5.89
CHEMBL509336,CC(CCc1ccc(O)cc1)NCC(O)c1ccc(O)cc1,330.0,nM,6.48
CHEMBL714,CC(C)(C)NCC(O)c1ccc(O)c(CO)c1,980.0,nM,6.01
CHEMBL513389,Cc1ccc(OCC(O)C(C)NC(C)C)c2c1CCC2,3.0,nM,8.52
CHEMBL486278,COc1ccc(CC(C)(C)NC[C@H](O)COc2cccc3[nH]c(=O)[nH]c23)cc1,1.3,nM,8.89
CHEMBL504479,COc1ccc(CC(C)(C)NCC(O)COc2ccccc2C#N)cc1,21.0,nM,7.68
CHEMBL523475,COc1ccc(CC(C)(C)NCC(O)COc2cccc(Cl)c2C#N)cc1,23.0,nM,7.64
CHEMBL2112075,CC(C)(Cc1ccc2ccccc2c1)NC[C@@H](O)COc1cccc(Cl)c1C#N.Cl,4300.0,nM,5.37
CHEMBL491251,COc1ccc(CC(C)(C)NCC(O)COc2cccc(Cl)c2Cl)cc1,21.0,nM,7.68
CHEMBL487508,COc1ccc(CC(C)(C)NC[C@H](O)COc2cccc(Cl)c2Cl)cc1,1.0,nM,9.00
CHEMBL487507,COc1ccc(CC(C)(C)NC[C@@H](O)COc2cccc(Cl)c2Cl)cc1,300.0,nM,6.52
CHEMBL180672,CC(C)(Cc1ccc2ccccc2c1)NC[C@@H](O)COc1cccc(Cl)c1C#N,4.3,nM,8.37
CHEMBL1204009,CCOC(=O)CCc1ccc(OC[C@H](O)CNC(C)(C)Cc2ccc3ccccc3c2)c(C#N)c1.Cl,14.0,nM,7.85
CHEMBL111201,O=S(=O)(Nc1ccc(CCNC[C@H](O)c2cccnc2)cc1)c1ccc(-c2nc(-c3ccc(C(F)(F)F)cc3)cs2)cc1,2300.0,nM,5.64
CHEMBL1086149,O=C(Cc1nc2ccccc2[nH]1)Nc1ccc(CCNC[C@H](O)c2cccnc2)cc1,6000.0,nM,5.22
CHEMBL1092502,O=C(Cn1ncc2ccccc21)Nc1ccc(CCNC[C@H](O)c2cccnc2)cc1,15000.0,nM,4.82
CHEMBL1089387,O=C(Cn1nc2ccccc2n1)Nc1ccc(CCNC[C@H](O)c2cccnc2)cc1,13000.0,nM,4.89
CHEMBL1089725,O=C(Cc1nc2ccccc2o1)Nc1ccc(CCNC[C@H](O)c2cccnc2)cc1,1100.0,nM,5.96
CHEMBL1090425,Nc1nc(CC(=O)Nc2ccc(CCNC[C@H](O)c3cccnc3)cc2)cs1,8700.0,nM,5.06
CHEMBL1090746,O=C(Cc1csc(-c2ccccc2)n1)Nc1ccc(CCNC[C@H](O)c2cccnc2)cc1,1700.0,nM,5.77
CHEMBL1084137,O=C(Cc1nc(-c2ccccc2)cs1)Nc1ccc(CCNC[C@H](O)c2cccnc2)cc1,1700.0,nM,5.77
CHEMBL1085444,O=C(CN1CC(c2ccccc2)CC1=O)Nc1ccc(CCNC[C@H](O)c2cccnc2)cc1,6700.0,nM,5.17
CHEMBL1084145,Cc1sc2ncn(CC(=O)Nc3ccc(CCNC[C@H](O)c4cccnc4)cc3)c(=O)c2c1C,7800.0,nM,5.11
CHEMBL1085693,O=C(Nc1ccc(CCNC[C@H](O)c2cccnc2)cc1)c1nc2ccccc2[nH]1,1100.0,nM,5.96
CHEMBL1077273,O=C(Nc1ccc(CCNC[C@H](O)c2cccnc2)cc1)c1cccc2ccnn12,600.0,nM,6.22
CHEMBL1083216,O=C(Cn1nc(-c2ccccc2)cc1-c1ccccc1)Nc1ccc(CCNC[C@H](O)c2cccnc2)cc1,3600.0,nM,5.44
CHEMBL1089052,CNc1nc(CC(=O)Nc2ccc(CCNC[C@H](O)c3cccnc3)cc2)cs1,16000.0,nM,4.80
CHEMBL1089396,O=C(Nc1ccc(CCNC[C@H](O)c2cccnc2)cc1)c1cccc(-c2ccccc2)c1,400.0,nM,6.40
CHEMBL1089734,O=C(Nc1ccc(CCNC[C@H](O)c2cccnc2)cc1)c1ccc(-c2ccccc2)cc1,60.0,nM,7.22
CHEMBL1089735,O=C(Nc1ccc(CCNC[C@H](O)c2cccnc2)cc1)c1ccccc1N1CCCC1,5300.0,nM,5.28
CHEMBL1083832,O=C(Nc1ccc(CCNC[C@H](O)c2cccnc2)cc1)c1ccccc1C1CCCCC1,3000.0,nM,5.52
CHEMBL1078395,O=C(Nc1ccc(CCNC[C@H](O)c2cccnc2)cc1)c1ccccc1CCn1cccc1,6900.0,nM,5.16
CHEMBL1078465,O=C(Nc1ccc(CCNC[C@H](O)c2cccnc2)cc1)c1ccccc1CCc1ccccc1,1700.0,nM,5.77
CHEMBL1078495,O=C(Nc1ccc(CCNC[C@H](O)c2cccnc2)cc1)c1ccccc1COc1ccccc1,4700.0,nM,5.33
CHEMBL1078496,O=C(Nc1ccc(CCNC[C@H](O)c2cccnc2)cc1)c1cccc(CCn2cccc2)c1,600.0,nM,6.22
CHEMBL1078576,O=C(Nc1ccc(CCNC[C@H](O)c2cccnc2)cc1)c1cccc(-c2ncc[nH]2)c1,400.0,nM,6.40
CHEMBL1078749,O=C(Nc1ccc(CCNC[C@H](O)c2cccnc2)cc1)c1cccc(CCc2ccccc2)c1,400.0,nM,6.40
CHEMBL1078695,O=C(Nc1ccc(CCNC[C@H](O)c2cccnc2)cc1)c1ccc(CCc2ccccc2)cc1,100.0,nM,7.00
CHEMBL1078696,Cc1ccc(N2CCCC2)c(C(=O)Nc2ccc(CCNC[C@H](O)c3cccnc3)cc2)c1,15000.0,nM,4.82
CHEMBL1078876,Cc1ccc(C(=O)Nc2ccc(CCNC[C@H](O)c3cccnc3)cc2)c(N2CCCC2)c1,16000.0,nM,4.80
CHEMBL1084706,O=C1c2cccc3cc(O)cc(c23)C(=O)N1CC1CCN(CC(O)COc2cccc3[nH]c4ccccc4c23)CC1,120.0,nM,6.92
CHEMBL1086077,O=C(c1ccc(F)cc1)C1CCN(CC(O)COc2cccc3[nH]c4ccccc4c23)CC1,32.0,nM,7.50
CHEMBL1257913,Oc1cccc(OCC(O)CNC2CCN(c3ncnc4scc(-c5ccccc5)c34)CC2)c1,100.0,nM,7.00
CHEMBL1258023,COc1ccccc1OCC(O)CNC1CCN(c2ncnc3scc(-c4ccccc4)c23)CC1,205.0,nM,6.69
CHEMBL1258024,COc1cccc(OCC(O)CNC2CCN(c3ncnc4scc(-c5ccccc5)c34)CC2)c1,250.0,nM,6.60
CHEMBL1258257,OC(CNC1CCN(c2ncnc3scc(-c4ccccc4)c23)CC1)COc1ccccc1F,220.0,nM,6.66
CHEMBL1258371,OCc1cccc(OCC(O)CNC2CCN(c3ncnc4scc(-c5ccccc5)c34)CC2)c1,245.0,nM,6.61
CHEMBL1258824,NC(=O)Nc1cccc(OCC(O)CNC2CCN(c3ncnc4scc(-c5ccccc5)c34)CC2)c1,1280.0,nM,5.89
CHEMBL1257555,OCc1cc(OCC(O)CNC2CCN(c3ncnc4scc(-c5ccccc5)c34)CC2)ccc1O,2250.0,nM,5.65
CHEMBL1257915,OC(CNC1CCN(c2ncnc3scc(-c4ccc(F)cc4)c23)CC1)COc1ccccc1,123.0,nM,6.91
CHEMBL1257916,Oc1ccc(OCC(O)CNC2CCN(c3ncnc4scc(-c5ccc(F)cc5)c34)CC2)cc1,3000.0,nM,5.52
CHEMBL1258026,Oc1ccc(OCC(O)CNC2CCN(c3ncnc4scc(-c5cccs5)c34)CC2)cc1,327.0,nM,6.49
CHEMBL1258373,Cc1csc2ncnc(N3CCC(NCC(O)COc4ccc(O)cc4)CC3)c12,5500.0,nM,5.26
CHEMBL1258486,OC(CNC1CCN(c2ncnc3sccc23)CC1)COc1ccccc1,862.0,nM,6.06
CHEMBL513389,Cc1ccc(OCC(O)C(C)NC(C)C)c2c1CCC2,2.5,nM,8.60
CHEMBL1672973,Cc1cc(-c2ccccc2[C@@H](C)OC[C@H](O)CNC(C)(C)Cc2ccc(Cl)c(F)c2)ccc1C(=O)O,1700.0,nM,5.77
CHEMBL1684578,O=S(=O)(Nc1ccc(CCNC[C@H](O)c2ccccc2)cc1)c1ccc(-c2nc(-c3ccc(C(F)(F)F)cc3)cs2)cc1,780.0,nM,6.11
CHEMBL1684577,O=S(=O)(Nc1ccc(CC2CC[C@H]([C@H](O)c3ccccc3)N2)cc1)c1ccc(-c2nc(-c3ccc(C(F)(F)F)cc3)cs2)cc1,2180.0,nM,5.66
CHEMBL1684580,O=S(=O)(Nc1ccc(CC2CC[C@@H]([C@@H](O)c3ccccc3)N2)cc1)c1ccc(-c2nc(-c3ccc(C(F)(F)F)cc3)cs2)cc1,3530.0,nM,5.45
CHEMBL1684581,O=S(=O)(Nc1ccc(CC2CC[C@@H]([C@H](O)c3ccccc3)N2)cc1)c1ccc(-c2nc(-c3ccc(C(F)(F)F)cc3)cs2)cc1,3530.0,nM,5.45
CHEMBL1684582,O=S(=O)(Nc1ccc(CC2CC[C@H]([C@@H](O)c3ccccc3)N2)cc1)c1ccc(-c2nc(-c3ccc(C(F)(F)F)cc3)cs2)cc1,2790.0,nM,5.55
CHEMBL1684583,O=S(=O)(Nc1ccc(C[C@@H]2CC[C@H]([C@H](O)c3ccccc3)N2)cc1)c1ccc(-c2nc(-c3ccc(C(F)(F)F)cc3)cs2)cc1,2509.0,nM,5.60
CHEMBL1684584,O=S(=O)(Nc1ccc(C[C@H]2CC[C@H]([C@H](O)c3ccccc3)N2)cc1)c1ccc(-c2nc(-c3ccc(C(F)(F)F)cc3)cs2)cc1,297.0,nM,6.53
CHEMBL24,CC(C)NCC(O)COc1ccc(CC(N)=O)cc1,14634.0,nM,4.83
CHEMBL357995,Cc1cc2c(OCC(CNC(C)(C)C)OC(=O)c3ccccc3)cccc2[nH]1,20.0,nM,7.70
CHEMBL117405,CC(C)NC[C@H](O)COc1cccc2[nH]ccc12,1.571,nM,8.80
CHEMBL679,CNC[C@H](O)c1ccc(O)c(O)c1,284.0,nM,6.55
CHEMBL442,CN1C[C@H](C(=O)N[C@]2(C)O[C@@]3(O)[C@@H]4CCCN4C(=O)[C@H](Cc4ccccc4)N3C2=O)C=C2c3cccc4[nH]cc(c34)C[C@H]21,2761.0,nM,5.56
CHEMBL49080,CC(C)(C)NCC(O)c1cc(Cl)c(N)c(Cl)c1,41.0,nM,7.39
CHEMBL707,COc1cc2nc(N3CCN(C(=O)C4COc5ccccc5O4)CC3)nc(N)c2cc1OC,2748.0,nM,5.56
CHEMBL1902627,CC(C)NCC(O)c1ccccc1Cl,1993.0,nM,5.70
CHEMBL926,CC(CCc1ccc(O)cc1)NCCc1ccc(O)c(O)c1,1517.0,nM,5.82
CHEMBL723,COc1ccccc1OCCNCC(O)COc1cccc2[nH]c3ccccc3c12,0.241,nM,9.62
CHEMBL275742,CC(C)NC[C@@H](O)COc1cccc2ccccc12,76.0,nM,7.12
CHEMBL500,CC(C)NCC(O)COc1cccc2[nH]ccc12,0.549,nM,9.26
CHEMBL631,CCCNCC(O)COc1ccccc1C(=O)CCc1ccccc1,52.0,nM,7.28
CHEMBL27,CC(C)NCC(O)COc1cccc2ccccc12,1.116,nM,8.95
CHEMBL1201237,CC(C)(C)NC[C@H](O)COc1cccc2c1CCCC2=O,0.793,nM,9.10
CHEMBL13,COCCc1ccc(OCC(O)CNC(C)C)cc1,2573.0,nM,5.59
CHEMBL157138,CCN(CC)C(=O)N[C@H]1C=C2c3cccc4[nH]cc(c34)C[C@H]2N(C)C1,41.0,nM,7.39
CHEMBL787,CC(C)(O)c1ccccc1CC[C@@H](SCC1(CC(=O)O)CC1)c1cccc(/C=C/c2ccc3ccc(Cl)cc3n2)c1,3488.0,nM,5.46
CHEMBL429,CC(CCc1ccccc1)NCC(O)c1ccc(O)c(C(N)=O)c1,16.0,nM,7.80
CHEMBL841,CN(C)C(=O)C(CCN1CCC(O)(c2ccc(Cl)cc2)CC1)(c1ccccc1)c1ccccc1,3005.0,nM,5.52
CHEMBL434,CC(C)NCC(O)c1ccc(O)c(O)c1,246.0,nM,6.61
CHEMBL471,CC(C)NCC(O)c1ccc(NS(C)(=O)=O)cc1,433.9,nM,6.36
CHEMBL452861,CC(C)NC[C@H](O)COc1cccc2ccccc12,0.355,nM,9.45
CHEMBL499,CC(C)(C)NC[C@H](O)COc1nsnc1N1CCOCC1,0.292,nM,9.54
CHEMBL714,CC(C)(C)NCC(O)c1ccc(O)c(CO)c1,810.2,nM,6.09
CHEMBL1630578,C[C@@H]1C[C@H]2[C@@H]3CCC4=CC(=O)C=C[C@]4(C)C3=CC[C@]2(C)[C@H]1C(=O)CN1CCN(c2cc(N3CCCC3)nc(N3CCCC3)n2)CC1,22659.0,nM,4.64
CHEMBL1263,OCc1cc(C(O)CNCCCCCCOCCCCc2ccccc2)ccc1O,5.012,nM,8.30
CHEMBL714,CC(C)(C)NCC(O)c1ccc(O)c(CO)c1,1995.26,nM,5.70
CHEMBL1940682,OCc1cc(C(O)CNCCCCNCC(O)c2ccc(O)c(CO)c2)ccc1O,10000.0,nM,5.00
CHEMBL1940683,OCc1cc(C(O)CNCCCCCCNCC(O)c2ccc(O)c(CO)c2)ccc1O,7943.28,nM,5.10
CHEMBL1940685,OCc1cc(C(O)CNC2CCC(CC3CCC(NCC(O)c4ccc(O)c(CO)c4)CC3)CC2)ccc1O,19952.62,nM,4.70
CHEMBL1940686,OCc1cc(C(O)CN[C@H]2CC[C@H](NCC(O)c3ccc(O)c(CO)c3)CC2)ccc1O,5011.87,nM,5.30
CHEMBL1940808,OCc1cc(C(O)CNCC2CCCC(CNCC(O)c3ccc(O)c(CO)c3)C2)ccc1O,10000.0,nM,5.00
CHEMBL1940809,OCc1cc(C(O)CNCc2ccc(CNCC(O)c3ccc(O)c(CO)c3)cc2)ccc1O,50118.72,nM,4.30
CHEMBL1940810,OCc1cc(C(O)CNCc2cccc(CNCC(O)c3ccc(O)c(CO)c3)c2)ccc1O,19952.62,nM,4.70
CHEMBL1940811,OCc1cc(C(O)CNCCc2ccc(CCNCC(O)c3ccc(O)c(CO)c3)cc2)ccc1O,100000.0,nM,4.00
CHEMBL1940812,OCc1cc(C(O)CNCCc2ccc(NCC(O)c3ccc(O)c(CO)c3)cc2)ccc1O,251.19,nM,6.60
CHEMBL1940813,OCc1cc(C(O)CNCc2ccc(NCC(O)c3ccc(O)c(CO)c3)cc2)ccc1O,1995.26,nM,5.70
CHEMBL1940814,OC(CNCCc1ccc(NCC(O)c2ccccc2)cc1)c1ccccc1,251.19,nM,6.60
CHEMBL1940815,OCc1cc(C(O)CNCCc2ccc(NCC(O)c3ccccc3)cc2)ccc1O,39.81,nM,7.40
CHEMBL1946761,O=c1[nH]c2c(O)ccc(CCNCCc3ccc(CNCCc4c(Cl)cccc4Cl)cc3)c2s1,501.19,nM,6.30
CHEMBL1946762,O=c1[nH]c2c(O)ccc(CCNCCc3ccc(CNCCc4ccccc4F)cc3)c2s1,1258.93,nM,5.90
CHEMBL1946763,O=c1[nH]c2c(O)ccc(CCNCCc3ccc(CNCCc4ccccn4)cc3)c2s1,100.0,nM,7.00
CHEMBL1946764,O=c1[nH]c2c(O)ccc(CCNCCc3ccc(CN4CC[C@@H](Oc5ccc(Cl)cc5)C4)cc3)c2s1,125.89,nM,6.90
CHEMBL1946765,O=c1[nH]c2c(O)ccc(CCNCCc3cccc(CN[C@H]4C[C@@H]4c4ccccc4)c3)c2s1,12.59,nM,7.90
CHEMBL1946766,CCN(Cc1ccncc1)Cc1cccc(-c2ccc(CCNCCc3ccc(O)c4[nH]c(=O)sc34)cc2)c1,794.33,nM,6.10
CHEMBL1946767,COc1ccccc1CCNCc1ccc(CCNCCc2ccc(O)c3[nH]c(=O)sc23)cc1,199.53,nM,6.70
CHEMBL1946768,O=c1[nH]c2c(O)ccc(CCNCCc3cccc(CNCCc4c(Cl)cccc4Cl)c3)c2s1,0.631,nM,9.20
CHEMBL1946769,O=c1[nH]c2c(O)ccc(CCNCCc3cccc(CN4CCC(c5ccccc5)CC4)c3)c2s1,31.62,nM,7.50
CHEMBL1947150,O=c1[nH]c2c(O)ccc(CCNCCc3ccc(-c4cccc(CN5Cc6ccccc6C5)c4)cc3)c2s1,15.85,nM,7.80
CHEMBL1947151,C[C@@H](NCc1ccccc1-c1ccc(CCNCCc2ccc(O)c3[nH]c(=O)sc23)cc1)c1ccccc1,0.7943,nM,9.10
CHEMBL1947152,O=c1[nH]c2c(O)ccc(CCNCCc3cccc(-c4cccc(CNCc5ccccc5)c4)c3)c2s1,31.62,nM,7.50
CHEMBL1947153,O=c1[nH]c2c(O)ccc([C@@H](O)CNCCc3cccc(CN4CCC(c5ccccc5)CC4)c3)c2s1,3.981,nM,8.40
CHEMBL1947154,O=c1[nH]c2c(O)ccc([C@@H](O)CNCCc3ccc(-c4cccc(CN5Cc6ccccc6C5)c4)cc3)c2s1,63.1,nM,7.20
CHEMBL1947155,C[C@@H](NCc1ccccc1-c1ccc(CCNC[C@H](O)c2ccc(O)c3[nH]c(=O)sc23)cc1)c1ccccc1,1.995,nM,8.70
CHEMBL1947156,O=c1[nH]c2c(O)ccc([C@@H](O)CNCCc3cccc(-c4cccc(CNCc5ccccc5)c4)c3)c2s1,10.0,nM,8.00
CHEMBL1947157,O=c1[nH]c2c(O)ccc([C@@H](O)CNCCc3cccc(CNCCc4c(Cl)cccc4Cl)c3)c2s1,0.1995,nM,9.70
CHEMBL1944689,O=c1[nH]c2c(O)ccc([C@@H](O)CNCCc3ccc(CNCCc4c(Cl)cccc4Cl)cc3)c2s1,3.981,nM,8.40
CHEMBL1944690,O=c1[nH]c2c(O)ccc([C@@H](O)CNCCc3cccc(CNCCc4ccccc4Cl)c3)c2s1,0.631,nM,9.20
CHEMBL1944691,O=c1[nH]c2c(O)ccc([C@@H](O)CNCCc3cccc(CNCCc4ccccc4F)c3)c2s1,0.5012,nM,9.30
CHEMBL1944692,O=c1[nH]c2c(O)ccc([C@@H](O)CNCCc3ccc(CNCCc4ccccc4F)cc3)c2s1,1.995,nM,8.70
CHEMBL1944693,COc1ccccc1CCNCc1cccc(CCNC[C@H](O)c2ccc(O)c3[nH]c(=O)sc23)c1,0.7943,nM,9.10
CHEMBL1944694,COc1ccccc1CCNCc1ccc(CCNC[C@H](O)c2ccc(O)c3[nH]c(=O)sc23)cc1,1.995,nM,8.70
CHEMBL1944695,O=c1[nH]c2c(O)ccc([C@@H](O)CNCCc3ccc(CNCCc4ccccc4)cc3)c2s1,1.995,nM,8.70
CHEMBL1945031,Cc1cccc2c(CCNCc3cccc(CCNC[C@H](O)c4ccc(O)c5[nH]c(=O)sc45)c3)c[nH]c12,0.631,nM,9.20
CHEMBL1945032,Cc1cccc2c(CCNCc3ccc(CCNC[C@H](O)c4ccc(O)c5[nH]c(=O)sc45)cc3)c[nH]c12,1.995,nM,8.70
CHEMBL1945033,O=c1[nH]c2c(O)ccc([C@@H](O)CNCCc3cccc(CNCCc4ccccn4)c3)c2s1,2.512,nM,8.60
CHEMBL1945034,O=c1[nH]c2c(O)ccc([C@@H](O)CNCCc3ccc(CNCCc4ccccn4)cc3)c2s1,3.162,nM,8.50
CHEMBL1945035,O=c1[nH]c2c(O)ccc([C@@H](O)CNCCc3ccccc3CNCCc3ccccc3F)c2s1,12.59,nM,7.90
CHEMBL1945036,CC(CNCc1ccc(CCNC[C@H](O)c2ccc(O)c3[nH]c(=O)sc23)cc1)c1ccccc1,0.1995,nM,9.70
CHEMBL1945037,O=c1[nH]c2c(O)ccc([C@@H](O)CNCCc3cccc(CNCCCc4ccccc4)c3)c2s1,0.7943,nM,9.10
CHEMBL1945038,O=c1[nH]c2c(O)ccc([C@@H](O)CNCCc3cccc(CNCCCc4ccccn4)c3)c2s1,0.5012,nM,9.30
CHEMBL1945039,COc1ccccc1CNCc1cccc(CCNC[C@H](O)c2ccc(O)c3[nH]c(=O)sc23)c1,6.31,nM,8.20
CHEMBL1945040,COc1ccccc1CNCc1ccc(CCNC[C@H](O)c2ccc(O)c3[nH]c(=O)sc23)cc1,125.89,nM,6.90
CHEMBL1945041,O=c1[nH]c2c(O)ccc([C@@H](O)CNCCc3cccc(CNCc4ccccc4Cl)c3)c2s1,1.995,nM,8.70
CHEMBL1945042,O=c1[nH]c2c(O)ccc([C@@H](O)CNCCc3cccc(CNCc4ccccc4F)c3)c2s1,1.0,nM,9.00
CHEMBL1945043,O=c1[nH]c2c(O)ccc([C@@H](O)CNCCc3cccc(CNCc4ccccn4)c3)c2s1,15.85,nM,7.80
CHEMBL1945044,COc1cccc(CNCc2cccc(CCNC[C@H](O)c3ccc(O)c4[nH]c(=O)sc34)c2)c1,6.31,nM,8.20
CHEMBL1945289,COc1ccc(CNCc2cccc(CCNC[C@H](O)c3ccc(O)c4[nH]c(=O)sc34)c2)cc1,5.012,nM,8.30
CHEMBL1945290,CCOc1ccccc1CNCc1cccc(CCNC[C@H](O)c2ccc(O)c3[nH]c(=O)sc23)c1,25.12,nM,7.60
CHEMBL1945291,COc1ccccc1CN(C)Cc1cccc(CCNC[C@H](O)c2ccc(O)c3[nH]c(=O)sc23)c1,25.12,nM,7.60
CHEMBL1945292,COCCNCc1cccc(CCNC[C@H](O)c2ccc(O)c3[nH]c(=O)sc23)c1,25.12,nM,7.60
CHEMBL1945293,COCCNCc1ccc(CCNC[C@H](O)c2ccc(O)c3[nH]c(=O)sc23)cc1,316.23,nM,6.50
CHEMBL1945294,O=c1[nH]c2c(O)ccc([C@@H](O)CNCCc3cccc(CN4CCCC4)c3)c2s1,3.981,nM,8.40
CHEMBL1945296,O=c1[nH]c2c(O)ccc([C@@H](O)CNCCCc3cccc(CNCCc4c(Cl)cccc4Cl)c3)c2s1,6.31,nM,8.20
CHEMBL1945298,O=c1[nH]c2c(O)ccc([C@@H](O)CNCCOc3cccc(CNCCc4ccccc4F)c3)c2s1,7.943,nM,8.10
CHEMBL1945299,COc1ccccc1CNCCc1cccc(CCNC[C@H](O)c2ccc(O)c3[nH]c(=O)sc23)c1,1.585,nM,8.80
CHEMBL1945300,OCc1cc([C@@H](O)CNCCc2ccc(CNCCc3ccccc3)cc2)ccc1O,630.96,nM,6.20
CHEMBL1945503,O=c1ccc2c([C@@H](O)CNCCc3cccc(CNCCc4ccccn4)c3)ccc(O)c2[nH]1,63.1,nM,7.20
CHEMBL1945504,COc1ccccc1CNCc1ccc(CCNC[C@@H](O)c2ccc(O)c3[nH]c(=O)sc23)cc1,251.19,nM,6.60
CHEMBL452861,CC(C)NC[C@H](O)COc1cccc2ccccc12,0.78,nM,9.11
CHEMBL513389,Cc1ccc(OCC(O)C(C)NC(C)C)c2c1CCC2,0.49,nM,9.31
CHEMBL3128198,Nc1nc2c(s1)CC[C@H]2C(=O)Nc1ccc(C[C@@H]2CC[C@H]([C@H](O)c3cccc(Cl)c3)N2)cc1,8451.0,nM,5.07
CHEMBL3128184,O=C(Nc1ccc(C[C@@H]2CC[C@H]([C@H](O)c3ccccc3)N2)cc1)[C@@H]1CCc2sc(-c3ccc(F)cc3)nc21,2513.0,nM,5.60
CHEMBL3128185,O=C(Nc1ccc(C[C@@H]2CC[C@H]([C@H](O)c3cccnc3)N2)cc1)[C@@H]1CCc2sc(-c3ccc(F)cc3)nc21,2471.0,nM,5.61
CHEMBL3286557,CNc1nc(C(F)(F)c2ccccc2)nc2c1CCNCC2,1400.0,nM,5.85
CHEMBL27,CC(C)NCC(O)COc1cccc2ccccc12,50.12,nM,7.30
CHEMBL3736433,CB1C=Cc2cccc(OCC(O)CN(C)C)c2N1,501.19,nM,6.30
CHEMBL3736156,CB1C=Cc2c(cccc2OCC(O)CN(C)C)N1,100.0,nM,7.00
CHEMBL3746068,Nc1nc(CNC(=O)c2ccc(C[C@@H]3CC[C@H]([C@H](O)c4ccccc4)N3)cc2)cs1,5200.0,nM,5.28
CHEMBL3747487,CCOC(=O)C1CCN(C(=O)c2ccc(C[C@@H]3CC[C@H]([C@H](O)c4ccccc4)N3)cc2)CC1,10900.0,nM,4.96
CHEMBL3747244,O=C(c1ccc(C[C@@H]2CC[C@H]([C@H](O)c3ccccc3)N2)cc1)N1CCC2(CCOC2=O)CC1,5600.0,nM,5.25
CHEMBL3746280,CC1(C)CC2(CCN(C(=O)c3ccc(C[C@@H]4CC[C@H]([C@H](O)c5ccccc5)N4)cc3)CC2)C(=O)O1,11000.0,nM,4.96
CHEMBL3747546,CCOC(=O)[C@H]1[C@@H]2CN(C(=O)c3ccc(C[C@@H]4CC[C@H]([C@H](O)c5ccccc5)N4)cc3)C[C@@H]21,13400.0,nM,4.87
CHEMBL111201,O=S(=O)(Nc1ccc(CCNC[C@H](O)c2cccnc2)cc1)c1ccc(-c2nc(-c3ccc(C(F)(F)F)cc3)cs2)cc1,670.0,nM,6.17
CHEMBL3764774,O=C(Cn1cnc2ccccc2c1=O)Nc1ccc(C[C@@H]2CC[C@H]([C@H](O)c3ccccc3)N2)cc1,2200.0,nM,5.66
CHEMBL513389,Cc1ccc(OCC(O)C(C)NC(C)C)c2c1CCC2,0.74,nM,9.13
CHEMBL198059,Cc1ccc(OC[C@H](O)[C@H](C)NC(C)C)c2c1CCC2,0.74,nM,9.13
CHEMBL3704833,N#CC1CCCN1C(=O)CNCC(O)COc1ccccc1,32000.0,nM,4.50
CHEMBL3900995,CN(CCCn1c(=O)oc2cc(CNC[C@H](O)c3ccc(O)c4[nH]c(=O)ccc34)ccc21)[C@H]1CC[C@H](OC(=O)C(O)(c2cccs2)c2cccs2)CC1,140.0,nM,6.85
CHEMBL3961014,CN(CCCn1c(=O)[nH]c2cc(CNC[C@H](O)c3ccc(O)c4[nH]c(=O)ccc34)ccc21)[C@H]1CC[C@H](OC(=O)C(O)(c2cccs2)c2cccs2)CC1,120.0,nM,6.92
CHEMBL3892021,CN(CCCn1ccc2cc(CNC[C@H](O)c3ccc(O)c4[nH]c(=O)ccc34)ccc21)[C@H]1CC[C@H](OC(=O)C(O)(c2cccs2)c2cccs2)CC1,220.0,nM,6.66
CHEMBL3890898,CN(CCCc1nc(-c2ccc(CNC[C@H](O)c3ccc(O)c4[nH]c(=O)ccc34)cc2)no1)[C@H]1CC[C@H](OC(=O)C(O)(c2cccs2)c2cccs2)CC1,2.7,nM,8.57
CHEMBL3915401,CN(CCN(C)[C@H]1CC[C@H](OC(C(=O)O)(c2cccs2)c2cccs2)CC1)C(=O)COc1ccc(CNC[C@H](O)c2ccc(O)c3[nH]c(=O)ccc23)cc1,34.0,nM,7.47
CHEMBL3971284,CN(CCNC(=O)COc1ccc(CNC[C@H](O)c2ccc(O)c3[nH]c(=O)ccc23)cc1)[C@H]1CC[C@H](OC(=O)C(O)(c2cccs2)c2cccs2)CC1,18.0,nM,7.75
CHEMBL3906438,COc1cc(-c2noc(CCCN(C)[C@H]3CC[C@H](OC(=O)C(O)(c4cccs4)c4cccs4)CC3)n2)c(Cl)cc1CNC[C@H](O)c1ccc(O)c2[nH]c(=O)ccc12,2.2,nM,8.66
CHEMBL3905320,COc1cc(OCC(=O)N(C)CCN(C)[C@H]2CC[C@H](OC(=O)C(O)(c3cccs3)c3cccs3)CC2)c(Cl)cc1CNC[C@H](O)c1ccc(O)c2[nH]c(=O)ccc12,5.7,nM,8.24
CHEMBL3908788,CN(CCCn1c(=O)sc2cc(CNC[C@H](O)c3ccc(O)c4[nH]c(=O)ccc34)ccc21)[C@H]1CC[C@H](OC(=O)C(O)(c2cccs2)c2cccs2)CC1,4.2,nM,8.38
CHEMBL3923686,CN(CCCn1c(=O)oc2cc(CNC[C@H](O)c3ccc(O)c4[nH]c(=O)ccc34)ccc21)[C@H]1CC[C@H](OC(=O)C2(C)c3ccccc3Oc3ccccc32)CC1,1.5,nM,8.82
CHEMBL3926721,CN(CCCn1c(=O)oc2cc(CNC[C@H](O)c3ccc(O)c(NC=O)c3)ccc21)[C@H]1CC[C@H](c2cccc3c2C(C)(C(=O)O)c2ccccc2O3)CC1,12.0,nM,7.92
CHEMBL3960091,CN(CCCn1nnc2cc(CNC[C@H](O)c3ccc(O)c4[nH]c(=O)ccc34)ccc21)[C@H]1CC[C@H](OC(=O)[C@](O)(c2cccs2)C2CCCC2)CC1,13.0,nM,7.89
CHEMBL3963770,CN(CCCn1nnc2cc(CNC[C@H](O)c3ccc(O)c4c3OCC(=O)N4)ccc21)[C@H]1CC[C@H](OC(=O)[C@](O)(c2cccs2)C2CCCC2)CC1,1.4,nM,8.85
CHEMBL3911114,CN(CCCn1c(=O)oc2cc(CCNC[C@H](O)c3ccc(O)c4[nH]c(=O)ccc34)ccc21)[C@H]1CC[C@H](OC(=O)C(O)(c2cccs2)c2cccs2)CC1,62.0,nM,7.21
CHEMBL3910208,CC(Cc1ccc(OCC(=O)NCCN[C@H]2CC[C@H](OC(=O)C(O)(c3cccs3)c3cccs3)CC2)cc1)NC[C@H](O)c1ccc(O)c2[nH]c(=O)ccc12,3.1,nM,8.51
CHEMBL1160723,CC(C)NC[C@H](O)c1ccc(O)c(O)c1,0.05,nM,10.30
CHEMBL388570,C[C@H](Cc1ccc(O)cc1)NC[C@H](O)c1cc(O)cc(O)c1,0.14,nM,9.85
CHEMBL229476,C[C@@H](Cc1ccc(O)cc1)NC[C@H](O)c1cc(O)cc(O)c1,6.09,nM,8.21
CHEMBL229477,C[C@H](Cc1ccc(O)cc1)NC[C@@H](O)c1cc(O)cc(O)c1,6.74,nM,8.17
CHEMBL389390,C[C@@H](Cc1ccc(O)cc1)NC[C@@H](O)c1cc(O)cc(O)c1,184.2,nM,6.74
CHEMBL228992,COc1ccc(C[C@@H](C)NC[C@H](O)c2cc(O)cc(O)c2)cc1,0.17,nM,9.77
CHEMBL228996,COc1ccc(C[C@H](C)NC[C@H](O)c2cc(O)cc(O)c2)cc1,2.01,nM,8.70
CHEMBL228998,COc1ccc(C[C@@H](C)NC[C@@H](O)c2cc(O)cc(O)c2)cc1,3.16,nM,8.50
CHEMBL228417,COc1ccc(C[C@H](C)NC[C@@H](O)c2cc(O)cc(O)c2)cc1,337.2,nM,6.47
CHEMBL229401,C[C@H](Cc1cccc2ccccc12)NC[C@H](O)c1cc(O)cc(O)c1,1.57,nM,8.80
CHEMBL229614,C[C@@H](Cc1cccc2ccccc12)NC[C@H](O)c1cc(O)cc(O)c1,1.19,nM,8.92
CHEMBL388177,C[C@H](Cc1cccc2ccccc12)NC[C@@H](O)c1cc(O)cc(O)c1,14.8,nM,7.83
CHEMBL229401,C[C@H](Cc1cccc2ccccc12)NC[C@H](O)c1cc(O)cc(O)c1,229.1,nM,6.64
CHEMBL1800936,CC[C@H](Cc1ccc(O)cc1)NC[C@H](O)c1cc(O)cc(O)c1,1.44,nM,8.84
CHEMBL1800960,CC[C@@H](Cc1ccc(O)cc1)NC[C@H](O)c1cc(O)cc(O)c1,17.88,nM,7.75
CHEMBL1800961,C[C@H](Cc1ccc2ccccc2c1)NC[C@H](O)c1cc(O)cc(O)c1,1.91,nM,8.72
CHEMBL1800962,C[C@@H](Cc1ccc2ccccc2c1)NC[C@H](O)c1cc(O)cc(O)c1,72.6,nM,7.14
CHEMBL1800963,COc1ccc(C[C@@H](C)NC[C@H](O)c2cc(O)cc(O)c2)c2ccccc12,3.98,nM,8.40
CHEMBL1800934,COc1ccc(C[C@H](C)NC[C@H](O)c2cc(O)cc(O)c2)c2ccccc12,4.37,nM,8.36
CHEMBL3934254,CN(CCCCCCCCCNC[C@H](O)c1ccc(O)c2[nH]c(=O)ccc12)C1CCC(OC(=O)C(O)(c2cccs2)c2cccs2)CC1,6.4,nM,8.19
CHEMBL3902803,CN(CCOc1ccc(CCNC[C@H](O)c2ccc(O)c3[nH]c(=O)ccc23)cc1)C1CCC(OC(=O)C(O)(c2cccs2)c2cccs2)CC1,36.0,nM,7.44
CHEMBL3978112,COc1cc(NC(=O)CCN(C)[C@H]2CC[C@H](OC(=O)C(O)(c3cccs3)c3cccs3)CC2)c(Cl)cc1CNC[C@H](O)c1ccc(O)c2[nH]c(=O)ccc12,8.5,nM,8.07
CHEMBL3948979,CN(CCC(=O)Nc1ccc(CNC[C@H](O)c2ccc(O)c3[nH]c(=O)ccc23)cc1Cl)[C@H]1CC[C@H](OC(=O)C(O)(c2cccs2)c2cccs2)CC1,6.7,nM,8.17
CHEMBL3916700,COc1cc(NC(=O)OCCN(C)[C@H]2CC[C@H](OC(=O)C(O)(c3cccs3)c3cccs3)CC2)c(Cl)cc1CNC[C@H](O)c1ccc(O)c2[nH]c(=O)ccc12,1.6,nM,8.80
CHEMBL3892218,COc1cc(NC(=O)CCN(C)[C@H]2CC[C@](C)(OC(=O)C(O)(c3cccs3)c3cccs3)CC2)c(Cl)cc1CNC[C@H](O)c1ccc(O)c2[nH]c(=O)ccc12,2.2,nM,8.66
CHEMBL3962171,COc1cc(NC(=O)CCCN[C@H]2CC[C@H](OC(=O)C(O)(c3cccs3)c3cccs3)CC2)c(Cl)cc1CNC[C@H](O)c1ccc(O)c2[nH]c(=O)ccc12,2.1,nM,8.68
CHEMBL3934681,COc1cc(NC(=O)CCN(C)[C@H]2CC[C@H](OC(=O)C(O)(c3cccs3)c3cccs3)CC2)c(F)cc1CNC[C@H](O)c1ccc(O)c2[nH]c(=O)ccc12,4.8,nM,8.32
CHEMBL3963417,CN(CCC(=O)Nc1cc(F)c(CNC[C@H](O)c2ccc(O)c3[nH]c(=O)ccc23)cc1F)[C@H]1CC[C@H](OC(=O)C(O)(c2cccs2)c2cccs2)CC1,13.0,nM,7.89
CHEMBL3940214,COc1cc(NC(=O)CCN(C)[C@H]2CC[C@H](OC(=O)C(O)(c3cccs3)c3cccs3)CC2)c(Cl)cc1CCNC[C@H](O)c1ccc(O)c2[nH]c(=O)ccc12,5.3,nM,8.28
CHEMBL3943564,COc1cc(NC(=O)OCCN(C)[C@H]2CC[C@H](OC(=O)C(O)(c3cccs3)c3cccs3)CC2)c(C#N)cc1CNC[C@H](O)c1ccc(O)c2[nH]c(=O)ccc12,4.5,nM,8.35
CHEMBL3915601,COc1cc(OCCCCN(C)[C@H]2CC[C@H](OC(=O)C(O)(c3cccs3)c3cccs3)CC2)c(Cl)cc1CNC[C@H](O)c1ccc(O)c2[nH]c(=O)ccc12,9.6,nM,8.02
CHEMBL3947244,COc1cc(NC(=O)OCCN(C)[C@H]2CC[C@H](OC(=O)C(O)(c3cccs3)c3cccs3)CC2)c(Cl)cc1CNC[C@H](O)c1ccc(O)c2c1OCC(=O)N2,0.38,nM,9.42
CHEMBL3973386,COc1cc(NC(=O)OCCN(C)[C@H]2CC[C@H](OC(=O)[C@](O)(c3ccccc3)C3CCCC3)CC2)c(Cl)cc1CNC[C@H](O)c1ccc(O)c2[nH]c(=O)ccc12,1.3,nM,8.89
CHEMBL3906808,COc1cc(NC(=O)OCCN(C)[C@H]2CC[C@H](OC(=O)[C@](O)(c3cccs3)C3CCCC3)CC2)c(Cl)cc1CNC[C@H](O)c1ccc(O)c2[nH]c(=O)ccc12,1.1,nM,8.96
CHEMBL4285281,COc1cc2c3c(c1OC)-c1ccccc1[C@@H](O)[C@@H]3NCC2,1.4,nM,8.85
CHEMBL4279962,COc1cc2c3c(c1OC)-c1ccccc1[C@H](O)[C@H]3NCC2,1600.0,nM,5.80
CHEMBL4279531,COc1cc2c3c(c1OC)-c1ccccc1[C@@H](O)[C@H]3NCC2,210.0,nM,6.68
CHEMBL4290197,COc1cc2c3c(c1OC)-c1ccccc1[C@@H](O)[C@]3(C)NCC2,20.0,nM,7.70
CHEMBL4280606,COc1ccc(CCNC[C@H](O)c2ccccc2)cc1OC,8400.0,nM,5.08
CHEMBL4285281,COc1cc2c3c(c1OC)-c1ccccc1[C@@H](O)[C@@H]3NCC2,6.9,nM,8.16
CHEMBL266195,C=CCc1ccccc1OCC(O)CNC(C)C,3.3,nM,8.48
CHEMBL4459696,COC(=O)CSCCCc1ccccc1OCC(O)CNC(C)C,72.0,nM,7.14
CHEMBL4542960,CC(C)NCC(O)COc1ccccc1CCCSCC(=O)NCCOCCOCCNC(=O)OC(C)(C)C,22.0,nM,7.66
CHEMBL4458797,CC(C)NCC(O)COc1ccccc1CCCSCC(=O)NCCOCCOCCN,19.0,nM,7.72
CHEMBL4452249,CC(C)NCC(O)COc1ccccc1CCCSCC(=O)NCCOCCOCCNC(=O)CCCCCC1(C)C(/C=C/C=C/C=C2/N(CCCS(=O)(=O)O)c3ccc(S(=O)(=O)O)cc3C2(C)C)=[N+](CCCS(=O)(=O)[O-])c2ccc(S(=O)(=O)O)cc21,96.0,nM,7.02
CHEMBL4475573,CC(C)NCC(O)COc1ccccc1CCCSCC(=O)NCCOCCOCCNC(=O)CS(=O)(=O)O,86.0,nM,7.07
CHEMBL4454523,CC(C)NCC(O)COc1ccccc1CCCSCC(=O)NCCOCCOCCNC(=O)C1C(C(=O)O)C(C(=O)O)C1C(=O)O,380.0,nM,6.42
CHEMBL4466532,C=CCc1ccccc1OCC(O)CNCCOCCOCCOCCOCCNC(=O)OC(C)(C)C,6.9,nM,8.16
CHEMBL4587648,C=CCc1ccccc1OCC(O)CNCCOCCOCCOCCOCCN,100.0,nM,7.00
CHEMBL4527905,C=CCc1ccccc1OCC(O)CNCCOCCOCCOCCOCCNC(=O)CCCCCC1(C)C(/C=C/C=C/C=C2/N(CCCS(=O)(=O)O)c3ccc(S(=O)(=O)O)cc3C2(C)C)=[N+](CCCS(=O)(=O)[O-])c2ccc(S(=O)(=O)O)cc21,500.0,nM,6.30
CHEMBL4545079,C=CCc1ccccc1OCC(O)CNCCOCCOCCOCCOCCNC(=O)CS(=O)(=O)O,83.4,nM,7.08
CHEMBL4594173,CC(C)NC[C@H](O)COc1ccccc1CCCC(=O)NCCNC(=O)CCCc1ccccc1OC[C@@H](O)CNC(C)C,6.607,nM,8.18
CHEMBL4459989,CC(C)NC[C@H](O)COc1ccccc1CCC(=O)NCCCNC(=O)CCc1ccccc1OC[C@@H](O)CNC(C)C,8.318,nM,8.08
CHEMBL4584173,CC(C)NC[C@H](O)COc1ccccc1CCCC(=O)NCCCNC(=O)CCCc1ccccc1OC[C@@H](O)CNC(C)C,6.457,nM,8.19
CHEMBL4472564,CC(C)NC[C@H](O)COc1ccccc1CCCC(=O)NCCCCNC(=O)CCCc1ccccc1OC[C@@H](O)CNC(C)C,11.22,nM,7.95
CHEMBL4556017,CC(C)NC[C@@H](O)COc1ccccc1CCCC(=O)NCCNC(=O)CCCc1ccccc1OC[C@H](O)CNC(C)C,213.8,nM,6.67
CHEMBL4530266,CC(C)NC[C@H](O)COc1ccccc1-n1cc(CNCc2cn(-c3ccccc3OC[C@@H](O)CNC(C)C)nn2)nn1,169.82,nM,6.77
CHEMBL4442559,CC(C)NC[C@H](O)COc1ccccc1Cn1cc(CNCc2cn(Cc3ccccc3OC[C@@H](O)CNC(C)C)nn2)nn1,64.57,nM,7.19
CHEMBL4462252,CC(C)NC[C@H](O)COc1ccccc1CCn1cc(CNCc2cn(CCc3ccccc3OC[C@@H](O)CNC(C)C)nn2)nn1,4.677,nM,8.33
CHEMBL4514723,CC(C)NC[C@H](O)COc1ccccc1CCCn1cc(CNCc2cn(CCCc3ccccc3OC[C@@H](O)CNC(C)C)nn2)nn1,2.884,nM,8.54
CHEMBL4593049,COc1ccccc1CCCNC(=O)NCCCc1ccccc1OC[C@@H](O)CNC(C)C,13.8,nM,7.86
CHEMBL4564495,CC(C)NC[C@H](O)COc1ccccc1CCCNC(=O)NCCCc1ccccc1,14.13,nM,7.85
CHEMBL4468271,CCCNC(=O)NCCCc1ccccc1OC[C@@H](O)CNC(C)C,85.11,nM,7.07
CHEMBL4532142,COc1ccccc1CCCC(=O)NCCNC(=O)CCCc1ccccc1OC[C@@H](O)CNC(C)C,3.89,nM,8.41
CHEMBL4515576,CC(C)NC[C@H](O)COc1ccccc1CCCC(=O)NCCNC(=O)CCCc1ccccc1,5.888,nM,8.23
CHEMBL4578042,CCCC(=O)NCCNC(=O)CCCc1ccccc1OC[C@@H](O)CNC(C)C,64.57,nM,7.19
CHEMBL1160734,C=CCc1ccccc1OC[C@@H](O)CNC(C)C,0.7244,nM,9.14
CHEMBL1395661,C=CCc1ccccc1OC[C@H](O)CNC(C)C,2.344,nM,8.63
CHEMBL266195,C=CCc1ccccc1OCC(O)CNC(C)C,1.148,nM,8.94
CHEMBL4473518,CC(C)NC[C@H](O)COc1ccccc1CCCCCCc1ccccc1OC[C@@H](O)CNC(C)C,3.236,nM,8.49
CHEMBL4527821,CC(C)NC[C@H](O)COc1ccccc1CCCCCCCCc1ccccc1OC[C@@H](O)CNC(C)C,5.248,nM,8.28
CHEMBL4434772,CC(C)NC[C@H](O)COc1ccccc1CCCCCCCCCCc1ccccc1OC[C@@H](O)CNC(C)C,13.8,nM,7.86
CHEMBL4441975,CC(C)NC[C@H](O)COc1ccccc1CCCCCCCCCCCCc1ccccc1OC[C@@H](O)CNC(C)C,25.7,nM,7.59
CHEMBL4574652,CC(C)NC[C@H](O)COc1ccccc1CCNC(=O)NCCc1ccccc1OC[C@@H](O)CNC(C)C,2.188,nM,8.66
CHEMBL4446394,CC(C)NC[C@H](O)COc1ccccc1CCCNC(=O)NCCCc1ccccc1OC[C@@H](O)CNC(C)C,1.585,nM,8.80
CHEMBL4564189,CC(C)NC[C@H](O)COc1ccccc1CCCCNC(=O)NCCCCc1ccccc1OC[C@@H](O)CNC(C)C,1.778,nM,8.75
CHEMBL4474813,CC(C)NC[C@H](O)COc1ccccc1CC(=O)NCCNC(=O)Cc1ccccc1OC[C@@H](O)CNC(C)C,213.8,nM,6.67
CHEMBL4450606,CC(C)NC[C@H](O)COc1ccccc1CCC(=O)NCCNC(=O)CCc1ccccc1OC[C@@H](O)CNC(C)C,3.311,nM,8.48
CHEMBL4594173,CC(C)NC[C@H](O)COc1ccccc1CCCC(=O)NCCNC(=O)CCCc1ccccc1OC[C@@H](O)CNC(C)C,1.549,nM,8.81
CHEMBL4530266,CC(C)NC[C@H](O)COc1ccccc1-n1cc(CNCc2cn(-c3ccccc3OC[C@@H](O)CNC(C)C)nn2)nn1,12.02,nM,7.92
CHEMBL4442559,CC(C)NC[C@H](O)COc1ccccc1Cn1cc(CNCc2cn(Cc3ccccc3OC[C@@H](O)CNC(C)C)nn2)nn1,6.31,nM,8.20
CHEMBL4462252,CC(C)NC[C@H](O)COc1ccccc1CCn1cc(CNCc2cn(CCc3ccccc3OC[C@@H](O)CNC(C)C)nn2)nn1,2.042,nM,8.69
CHEMBL4514723,CC(C)NC[C@H](O)COc1ccccc1CCCn1cc(CNCc2cn(CCCc3ccccc3OC[C@@H](O)CNC(C)C)nn2)nn1,1.202,nM,8.92
CHEMBL1160734,C=CCc1ccccc1OC[C@@H](O)CNC(C)C,2.291,nM,8.64
CHEMBL1395661,C=CCc1ccccc1OC[C@H](O)CNC(C)C,75.86,nM,7.12
CHEMBL266195,C=CCc1ccccc1OCC(O)CNC(C)C,5.495,nM,8.26
CHEMBL4473518,CC(C)NC[C@H](O)COc1ccccc1CCCCCCc1ccccc1OC[C@@H](O)CNC(C)C,3.802,nM,8.42
CHEMBL4527821,CC(C)NC[C@H](O)COc1ccccc1CCCCCCCCc1ccccc1OC[C@@H](O)CNC(C)C,2.344,nM,8.63
CHEMBL4434772,CC(C)NC[C@H](O)COc1ccccc1CCCCCCCCCCc1ccccc1OC[C@@H](O)CNC(C)C,3.802,nM,8.42
CHEMBL4441975,CC(C)NC[C@H](O)COc1ccccc1CCCCCCCCCCCCc1ccccc1OC[C@@H](O)CNC(C)C,6.918,nM,8.16
CHEMBL41189,CC(C)NC[C@H](O)COc1ccccc1OCCOCCOc1ccccc1OC[C@@H](O)CNC(C)C,46.77,nM,7.33
CHEMBL4557995,CC(C)NC[C@H](O)COc1ccccc1OCCOCCOCCOc1ccccc1OC[C@@H](O)CNC(C)C,74.13,nM,7.13
CHEMBL4574652,CC(C)NC[C@H](O)COc1ccccc1CCNC(=O)NCCc1ccccc1OC[C@@H](O)CNC(C)C,16.22,nM,7.79
CHEMBL4446394,CC(C)NC[C@H](O)COc1ccccc1CCCNC(=O)NCCCc1ccccc1OC[C@@H](O)CNC(C)C,7.586,nM,8.12
CHEMBL4564189,CC(C)NC[C@H](O)COc1ccccc1CCCCNC(=O)NCCCCc1ccccc1OC[C@@H](O)CNC(C)C,1.585,nM,8.80
CHEMBL4465278,CC(C)NC[C@H](O)COc1ccccc1CCCCCNC(=O)NCCCCCc1ccccc1OC[C@@H](O)CNC(C)C,1.738,nM,8.76
CHEMBL4474813,CC(C)NC[C@H](O)COc1ccccc1CC(=O)NCCNC(=O)Cc1ccccc1OC[C@@H](O)CNC(C)C,2630.27,nM,5.58
CHEMBL4450606,CC(C)NC[C@H](O)COc1ccccc1CCC(=O)NCCNC(=O)CCc1ccccc1OC[C@@H](O)CNC(C)C,75.86,nM,7.12
CHEMBL4210507,NCc1ccc(-c2ncccn2)cc1,10000.0,nM,5.00
CHEMBL4565954,COc1cccc(Nc2c(C(N)=O)cnc3c(C)cc(S(=O)(=O)c4cccc(C(=O)Nc5ccc(C#CCCCNC[C@H](O)c6ccc(O)c7[nH]c(=O)ccc67)cc5)c4)cc23)c1,11.0,nM,7.96
CHEMBL4633760,CC(=O)Nc1ccc(/N=N/c2ccccc2OC[C@@H](O)CNC(C)C)cc1,1.72,nM,8.76
CHEMBL4634403,CC(=O)Nc1ccc(/N=N/c2cccc(OC[C@@H](O)CNC(C)C)c2)cc1,593.88,nM,6.23
CHEMBL27,CC(C)NCC(O)COc1cccc2ccccc12,0.55,nM,9.26
CHEMBL4633760,CC(=O)Nc1ccc(/N=N/c2ccccc2OC[C@@H](O)CNC(C)C)cc1,28.94,nM,7.54
CHEMBL4634403,CC(=O)Nc1ccc(/N=N/c2cccc(OC[C@@H](O)CNC(C)C)c2)cc1,160.64,nM,6.79
CHEMBL27,CC(C)NCC(O)COc1cccc2ccccc12,0.48,nM,9.32
CHEMBL1933288,C[C@@H]1CCNC(=O)c2cc3ccc(C(=O)Nc4nc5ccccc5n4CCCN(C)C)cc3n21,1820.0,nM,5.74
CHEMBL4743495,Cl.O=C(O)c1cc(-c2ccc(C3CCNCC3)cc2)c2ccc(-c3ccc(C(F)(F)F)cc3)cc2c1,4327.23,nM,5.36
CHEMBL1256876,Cl.NC[C@@H]1O[C@H](C23CC4CC(CC(C4)C2)C3)Cc2c1ccc(O)c2O,1644.1,nM,5.78
CHEMBL24778,C[C@H](Cc1cc2c(c(C(N)=O)c1)N(CCCO)CC2)NCCOc1ccccc1OCC(F)(F)F,214.13,nM,6.67
CHEMBL1671,CC(C)NCC(O)COc1cccc2ccccc12.Cl,2.262,nM,8.65
CHEMBL1691,CC(C)NCC(O)COc1ccc(CCOCC2CC2)cc1.Cl,627.7,nM,6.20
CHEMBL1256864,CC(C)(C)NCC(O)COc1cccc2[nH]c(=O)[nH]c12.Cl,1.96,nM,8.71
CHEMBL79834,O=C1NCN(c2ccccc2)C12CCN(CCCOc1ccc(F)cc1)CC2,3044.66,nM,5.52
CHEMBL499,CC(C)(C)NC[C@H](O)COc1nsnc1N1CCOCC1,0.2153,nM,9.67
CHEMBL4803066,O=c1c2cccn2c2ccccc2n1CCCN1CCC(c2ccc(Cl)cc2)CC1,4677.38,nM,5.33
CHEMBL1938952,COc1ccncc1C(=O)NC(=O)Nc1ccc(-c2ccccc2)c(C(F)(F)F)c1,4918.12,nM,5.31
CHEMBL2111101,CC(C)COc1ccc(CNC(=O)N(Cc2ccc(F)cc2)C2CCN(C)CC2)cc1,4549.68,nM,5.34
CHEMBL567,OCCN1CCN(CCCN2c3ccccc3Sc3ccc(Cl)cc32)CC1,2777.1,nM,5.56
CHEMBL314639,N#Cc1cc2c(OCC(O)CN3CCN(C(c4ccccc4)c4ccccc4)CC3)cccc2[nH]1,750.22,nM,6.12
CHEMBL2181247,O=C1COc2nccc(-c3ccccc3F)c2CN1Cc1cc(C(F)(F)F)cc(C(F)(F)F)c1,1508.69,nM,5.82
CHEMBL500,CC(C)NCC(O)COc1cccc2[nH]ccc12,2.192,nM,8.66
CHEMBL1263,OCc1cc(C(O)CNCCCCCCOCCCCc2ccccc2)ccc1O,14.93,nM,7.83
CHEMBL1256784,Cc1ccc(OCC(O)C(C)NC(C)C)c2c1CCC2.Cl,1.493,nM,8.83
CHEMBL2331803,C[C@H](N)Cn1ccc2cc(F)c(Cl)cc21.O=C(O)/C=C/C(=O)O,6138.89,nM,5.21
CHEMBL5084234,CSc1ccccc1N1CCN(CCCCCC(=O)NC2CCCc3ccccc32)CC1.Cl,2661.78,nM,5.58
CHEMBL2074611,Cl.FC(F)(F)c1ccc(N2CCNCC2)nc1Cl,2728.0,nM,5.56
CHEMBL4531673,CN1CCN(c2nc3cc(C(F)(F)F)ccc3n3cccc23)CC1.O=C(O)/C=C\C(=O)O.O=C(O)/C=C\C(=O)O,2378.77,nM,5.62
CHEMBL1329567,O=C(NCCNCC(O)COc1ccc(O)cc1)N1CCOCC1.O=C(NCCNCC(O)COc1ccc(O)cc1)N1CCOCC1.O=C(O)/C=C/C(=O)O,1546.7,nM,5.81
CHEMBL5075931,NCCc1cn(S(=O)(=O)c2c(Cl)nc3sccn23)c2ccccc12.O=C(O)C(=O)O,2932.72,nM,5.53
CHEMBL1160734,C=CCc1ccccc1OC[C@@H](O)CNC(C)C,2.291,nM,8.64
CHEMBL5562430,C#CCCNC[C@H](O)COc1ccccc1CC=C,79.43,nM,7.10
CHEMBL5561419,C#CCCCNC[C@H](O)COc1ccccc1CC=C,173.78,nM,6.76
CHEMBL5564893,CC(C)NC[C@H](O)COc1ccc(CCCN=[N+]=[N-])cc1,3981.07,nM,5.40
CHEMBL5562644,CC(C)NC[C@H](O)COc1ccc(CCCCN=[N+]=[N-])cc1,4786.3,nM,5.32
CHEMBL5564549,C=CCc1ccccc1OC[C@@H](O)CNCCCc1cn(CCCCc2ccc(OC[C@@H](O)CNC(C)C)cc2)nn1,4.467,nM,8.35
CHEMBL5564461,C=CCc1ccccc1OC[C@@H](O)CNCCc1cn(CCCc2ccc(OC[C@@H](O)CNC(C)C)cc2)nn1,10.0,nM,8.00
CHEMBL5568267,C=CCc1ccccc1OC[C@@H](O)CNCCc1cn(CCCCc2ccc(OC[C@@H](O)CNC(C)C)cc2)nn1,7.413,nM,8.13
CHEMBL5556781,C=CCc1ccccc1OC[C@@H](O)CNCCCc1cn(CCCc2ccc(OC[C@@H](O)CNC(C)C)cc2)nn1,4.677,nM,8.33
CHEMBL5562658,C=CCc1ccccc1OC[C@@H](O)CNCCCc1cn(CCCCc2ccc(OC)cc2)nn1,5.37,nM,8.27
CHEMBL5557954,C=CCc1ccccc1OC[C@@H](O)CNCCCc1cn(CCCCc2ccccc2)nn1,4.677,nM,8.33
CHEMBL5568144,C=CCc1ccccc1OC[C@@H](O)CNCCCc1cn(CCCC)nn1,18.2,nM,7.74
CHEMBL5561967,CCCc1cn(CCCCc2ccc(OC[C@@H](O)CNC(C)C)cc2)nn1,3162.28,nM,5.50
CHEMBL513389,Cc1ccc(OCC(O)C(C)NC(C)C)c2c1CCC2,0.83,nM,9.08
CHEMBL3900995,CN(CCCn1c(=O)oc2cc(CNC[C@H](O)c3ccc(O)c4[nH]c(=O)ccc34)ccc21)[C@H]1CC[C@H](OC(=O)C(O)(c2cccs2)c2cccs2)CC1,140.0,nM,6.85
CHEMBL3961014,CN(CCCn1c(=O)[nH]c2cc(CNC[C@H](O)c3ccc(O)c4[nH]c(=O)ccc34)ccc21)[C@H]1CC[C@H](OC(=O)C(O)(c2cccs2)c2cccs2)CC1,120.0,nM,6.92
CHEMBL5959314,CN(CCCn1ccc2cc(CNC[C@H](O)c3ccc(O)c4c3C=CCN4)ccc21)[C@H]1CC[C@H](OC(=O)C(O)(c2cccs2)c2cccs2)CC1,220.0,nM,6.66
CHEMBL3890898,CN(CCCc1nc(-c2ccc(CNC[C@H](O)c3ccc(O)c4[nH]c(=O)ccc34)cc2)no1)[C@H]1CC[C@H](OC(=O)C(O)(c2cccs2)c2cccs2)CC1,2.7,nM,8.57
CHEMBL5965344,CN(CCN(C)[C@H]1CC[C@H](OC(=O)C(O)(c2cccs2)c2cccs2)CC1)C(=O)COc1ccc(CNC[C@H](O)c2ccc(O)c3[nH]c(=O)ccc23)cc1,34.0,nM,7.47
CHEMBL3971284,CN(CCNC(=O)COc1ccc(CNC[C@H](O)c2ccc(O)c3[nH]c(=O)ccc23)cc1)[C@H]1CC[C@H](OC(=O)C(O)(c2cccs2)c2cccs2)CC1,18.0,nM,7.75
CHEMBL3906438,COc1cc(-c2noc(CCCN(C)[C@H]3CC[C@H](OC(=O)C(O)(c4cccs4)c4cccs4)CC3)n2)c(Cl)cc1CNC[C@H](O)c1ccc(O)c2[nH]c(=O)ccc12,2.2,nM,8.66
CHEMBL3905320,COc1cc(OCC(=O)N(C)CCN(C)[C@H]2CC[C@H](OC(=O)C(O)(c3cccs3)c3cccs3)CC2)c(Cl)cc1CNC[C@H](O)c1ccc(O)c2[nH]c(=O)ccc12,5.7,nM,8.24
CHEMBL3908788,CN(CCCn1c(=O)sc2cc(CNC[C@H](O)c3ccc(O)c4[nH]c(=O)ccc34)ccc21)[C@H]1CC[C@H](OC(=O)C(O)(c2cccs2)c2cccs2)CC1,4.2,nM,8.38
CHEMBL3923686,CN(CCCn1c(=O)oc2cc(CNC[C@H](O)c3ccc(O)c4[nH]c(=O)ccc34)ccc21)[C@H]1CC[C@H](OC(=O)C2(C)c3ccccc3Oc3ccccc32)CC1,1.5,nM,8.82
CHEMBL3960091,CN(CCCn1nnc2cc(CNC[C@H](O)c3ccc(O)c4[nH]c(=O)ccc34)ccc21)[C@H]1CC[C@H](OC(=O)[C@](O)(c2cccs2)C2CCCC2)CC1,12.0,nM,7.92
CHEMBL5949911,CN(CCCn1nnc2cc(CNC[C@H](O)c3ccc(O)c4[nH]c(=O)ccc34)ccc21)[C@H]1CC[C@H](c2ccsc2[C@@](O)(C(=O)O)C2CCCC2)CC1,13.0,nM,7.89
CHEMBL3963770,CN(CCCn1nnc2cc(CNC[C@H](O)c3ccc(O)c4c3OCC(=O)N4)ccc21)[C@H]1CC[C@H](OC(=O)[C@](O)(c2cccs2)C2CCCC2)CC1,1.4,nM,8.85
CHEMBL3911114,CN(CCCn1c(=O)oc2cc(CCNC[C@H](O)c3ccc(O)c4[nH]c(=O)ccc34)ccc21)[C@H]1CC[C@H](OC(=O)C(O)(c2cccs2)c2cccs2)CC1,62.0,nM,7.21
CHEMBL3910208,CC(Cc1ccc(OCC(=O)NCCN[C@H]2CC[C@H](OC(=O)C(O)(c3cccs3)c3cccs3)CC2)cc1)NC[C@H](O)c1ccc(O)c2[nH]c(=O)ccc12,3.1,nM,8.51
